id,name,job,job_cat,pic_url,season,skin_tone,eye_color,hair_color,contrast_level,best_color1,best_color2,best_color3,best_color4,best_color5,worst_color1,worst_color2,worst_color3,worst_color4,worst_color5
0,Amal Clooney,Human rights lawyer,Public Figures,https://upload.wikimedia.org/wikipedia/commons/2/23/Amal_Clooney_2022_%28cropped%29.jpg,clear spring,warm,deep brown,natural dark brown,medium,#e8b4a8,#c89f94,#ffd700,#ff8c00,#ff6347,#000000,#ffffff,#7f7f7f,#556b2f,#8b4513
1,Behati Prinsloo,"Victoria's Secret Angel, high-profile ad campaigns",Models/Supermodels,https://upload.wikimedia.org/wikipedia/commons/7/71/Behati_Prinsloo_-_GEORGES_CHAKRA_2010_07_%28cropped%29.jpg,clear spring,warm,hazel with green and brown flecks,natural dark blonde,medium,#e8b4a8,#ffd700,#ffa07a,#ff8c00,#ff6347,#000000,#ffffff,#7b68ee,#483d8b,#2f4f4f
2,Candice Swanepoel,"Victoria's Secret Angel, high-profile ad campaigns",Models/Supermodels,https://upload.wikimedia.org/wikipedia/commons/9/98/Candice_Swanepoel_for_Max_Factor_02.jpg,clear spring,warm,"blue with a clear, bright quality",honey blonde,medium,#e8b4a8,#c89f94,#f4c242,#ffd700,#ff8c00,#7f7f7f,#343434,#8b4513,#5f9ea0,#778899
3,Carli Bybel,Beauty and fashion vlogger,Social Media Influencers/Content Creators,,clear spring,warm,"deep brown with a warm, golden fleck",natural dark brown,medium,#e8b4a8,#c89f94,#ffd700,#ff8c00,#00ff00,#000000,#ffffff,#7f7f7f,#a9a9a9,#808080
4,Choi Siwon,Member of Super Junior,K-pop/Asian Celebrities,,clear spring,warm,deep brown,natural dark brown,medium,#e8b4a8,#c89f94,#ffd700,#ff8c00,#ff6347,#000000,#ffffff,#7f7f7f,#778899,#708090
5,Gigi Gorgeous,Lifestyle and beauty influencing,Social Media Influencers/Content Creators,https://upload.wikimedia.org/wikipedia/commons/thumb/f/fe/Gigi_Gorgeous_at_TDoV_SF_20170331-3420_%28cropped%29.jpg/1250px-Gigi_Gorgeous_at_TDoV_SF_20170331-3420_%28cropped%29.jpg,clear spring,warm,hazel with green and gold flecks,blonde,medium,#ffd700,#ff8c00,#ff6347,#ffff54,#00ff00,#7f7f7f,#556b2f,#800000,#8b4513,#483d8b
6,Ginger Rogers,Dancing and acting in musical films,Historical/Classic Hollywood Icons,https://upload.wikimedia.org/wikipedia/commons/thumb/2/2b/Ginger_Rogers_-_Tender_Comrade.jpg/1280px-Ginger_Rogers_-_Tender_Comrade.jpg,clear spring,warm,warm hazel with flecks of green,golden blonde,medium,#ffd700,#ffa07a,#00ff7f,#4682b4,#ff6347,#7b68ee,#556b2f,#800000,#708090,#2f4f4f
7,Heidi Klum,"Supermodel legacy, reality TV hosting",Models/Supermodels,https://upload.wikimedia.org/wikipedia/commons/thumb/0/07/Heidi_Klum_by_Glenn_Francis.jpg/1280px-Heidi_Klum_by_Glenn_Francis.jpg,clear spring,warm,hazel with golden flecks,natural dark blonde,medium,#ffd700,#ff8c00,#ff6347,#ff4500,#32cd32,#7f7f7f,#778899,#2f4f4f,#556b2f,#800000
8,HyunA,Solo artist,K-pop/Asian Celebrities,,clear spring,warm,deep brown,natural dark brown,medium,#e8b4a8,#c89f94,#ffd700,#ff8c00,#ff6347,#000000,#ffffff,#7b68ee,#708090,#2f4f4f
9,Lionel Messi,Football,Athletes/Sports Figures,https://upload.wikimedia.org/wikipedia/commons/thumb/2/27/Lionel_Messi_NE_Revolution_Inter_Miami_7.9.25-178.jpg/1280px-Lionel_Messi_NE_Revolution_Inter_Miami_7.9.25-178.jpg,clear spring,warm,deep brown,natural dark brown,medium,#e8b4a8,#c89f94,#ffd700,#ff8c00,#ff6347,#000000,#ffffff,#7f7f7f,#778899,#6a5acd
10,Michael Phelps,Swimming,Athletes/Sports Figures,https://upload.wikimedia.org/wikipedia/commons/thumb/c/c7/Michael_Phelps_Rio_Olympics_2016.jpg/1094px-Michael_Phelps_Rio_Olympics_2016.jpg,clear spring,warm,deep brown,natural dark brown,medium,#ffd700,#ff8c00,#ff6347,#adff2f,#32cd32,#7b68ee,#483d8b,#6a5acd,#800000,#8b4513
11,Mino,WINNER,K-pop/Asian Celebrities,,clear spring,warm,deep brown,natural dark brown,medium,#e8b4a8,#c89f94,#ffd700,#ffa07a,#00ff7f,#000000,#ffffff,#7b68ee,#556b2f,#8b4513
12,Momo (Hirai Momo),Member of TWICE,K-pop/Asian Celebrities,,clear spring,warm,deep brown,natural dark brown,medium,#ffd700,#ff6347,#32cd32,#ff69b4,#00fa9a,#778899,#2f4f4f,#556b2f,#7fff00,#696969
13,Rosie Huntington-Whiteley,"High-fashion campaigns, acting",Models/Supermodels,https://upload.wikimedia.org/wikipedia/commons/thumb/4/46/Rosie_Huntington-Whiteley_at_82nd_Venice_International_Film_Festival-2.jpg/1280px-Rosie_Huntington-Whiteley_at_82nd_Venice_International_Film_Festival-2.jpg,clear spring,warm,hazel with green and gold flecks,honey blonde,medium,#ffd700,#ff8c00,#ff6347,#ff4500,#ffdab9,#7f7f7f,#778899,#2f4f4f,#556b2f,#800000
14,Shirley Temple,"Child actress known for her singing, dancing, and acting",Historical/Classic Hollywood Icons,https://upload.wikimedia.org/wikipedia/commons/thumb/f/ff/Shirleytemple.jpg/1280px-Shirleytemple.jpg,clear spring,warm,warm brown with golden flecks,golden auburn,medium,#e8b4a8,#c89f94,#ffd700,#ff8c00,#ff6347,#000000,#ffffff,#7f7f7f,#778899,#708090
15,Steph Curry,Basketball,Athletes/Sports Figures,https://upload.wikimedia.org/wikipedia/commons/f/f1/Steph_Curry_P20230117AS-1347_%28cropped%29.jpg,clear spring,warm,deep brown,natural dark brown,medium,#e8b4a8,#c89f94,#ffd700,#ff8c00,#00ff00,#000000,#ffffff,#7f7f7f,#778899,#708090
16,Sunmi,"Solo artist, former member of Wonder Girls",K-pop/Asian Celebrities,https://upload.wikimedia.org/wikipedia/commons/thumb/6/6d/20230720_Lee_Sunmi_on_July_2023_01.jpg/1122px-20230720_Lee_Sunmi_on_July_2023_01.jpg,clear spring,warm,deep brown,natural dark brown,medium,#e8b4a8,#c89f94,#ffd700,#ff8c00,#ff6347,#000000,#ffffff,#7b68ee,#556b2f,#708090
17,Vivienne Westwood,Fashion design,Fashion Designers/Style Icons,https://upload.wikimedia.org/wikipedia/commons/1/1c/Vivienne_Westwood_by_Mattia_Passeri.jpg,clear spring,warm,deep brown,natural dark brown,medium,#e8b4a8,#c89f94,#ffd700,#ff8c00,#ff6347,#000000,#ffffff,#7f7f7f,#778899,#708090
18,Alexander Wang,Fashion design,Fashion Designers/Style Icons,,clear winter,cool,dark brown,black,high,#b50000,#0033a0,#ffffff,#1a1a1a,#00a86b,#f4a460,#d2b48c,#ffdab9,#ffe4b5,#fa8072
19,Baekhyun,EXO,K-pop/Asian Celebrities,https://upload.wikimedia.org/wikipedia/commons/0/02/%ED%95%98%EC%96%80%EB%A8%B8%EB%A6%AC_%EB%B0%B1%ED%98%84_3.jpg,clear winter,cool,dark brown with hints of charcoal,natural black,high,#00a2e8,#ff0055,#9900ff,#66ccff,#cc0066,#c39953,#8b572a,#bfa58a,#786452,#7d6d61
20,Billie Joe Armstrong,"Rock music, Green Day frontman",Musicians/Singers,https://upload.wikimedia.org/wikipedia/commons/thumb/9/99/GreenDayIOW230624_%28307_of_367%29_%28cropped%29.jpg/1280px-GreenDayIOW230624_%28307_of_367%29_%28cropped%29.jpg,clear winter,cool,intense green,black (dyed from a natural dark brown),high,#005aab,#d6001c,#ffffff,#b3b5b4,#7f00ff,#c2b280,#987654,#e1a95f,#8b4513,#996515
21,Conor McGregor,Mixed Martial Arts,Athletes/Sports Figures,https://upload.wikimedia.org/wikipedia/commons/thumb/e/e5/Conor_McGregor_2025.jpeg/1280px-Conor_McGregor_2025.jpeg,clear winter,cool,"blue with a clear, vibrant quality",natural light brown with tendencies to darken,high,#004b8d,#ff0000,#00aeef,#990000,#7f00ff,#996633,#cc9900,#663300,#ffcc99,#ff9966
22,Desi Perkins,Beauty and makeup guru,Social Media Influencers/Content Creators,,clear winter,cool,"striking deep brown with a cool, almost black undertone",dark brown with subtle cool undertones,high,#005b96,#ffffff,#b8336a,#990000,#c0003c,#f4c430,#ffd700,#996515,#cc7722,#b87333
23,Doja Cat,Pop and rap music,Musicians/Singers,https://upload.wikimedia.org/wikipedia/commons/thumb/2/29/Doja_Cat_x_Amazon1.1_%28cropped%29.jpg/1280px-Doja_Cat_x_Amazon1.1_%28cropped%29.jpg,clear winter,cool,"deep brown with a clear, bright quality",natural dark brown,high,#004b8d,#ff1cae,#00aeef,#990000,#660099,#996633,#cc9966,#ffcc99,#663300,#ff9966
24,Dua Lipa,Pop music,Musicians/Singers,https://upload.wikimedia.org/wikipedia/commons/thumb/7/72/DuaLipa-byPhilipRomano.jpg/1280px-DuaLipa-byPhilipRomano.jpg,clear winter,cool,deep brown,natural dark brown,high,#005b96,#ff2b2b,#003153,#56a0d3,#d70040,#f4c2c2,#fff5ee,#faebd7,#f5f5dc,#ffe4c4
25,Gal Gadot,Wonder Woman in DC movies,Hollywood Actresses,https://upload.wikimedia.org/wikipedia/commons/thumb/3/38/Gal_Gadot_by_Gage_Skidmore_3.jpg/1280px-Gal_Gadot_by_Gage_Skidmore_3.jpg,clear winter,cool,deep brown with hints of cool undertones,natural dark brown,high,#005b96,#00a0b0,#a20055,#e51400,#6a00ff,#ffd700,#ffa07a,#ff6347,#eee8aa,#f5deb3
26,Ivanka Trump,Daughter of the 45th President of the United States,Public Figures,https://upload.wikimedia.org/wikipedia/commons/thumb/e/ea/Ivanka_Trump_official_portrait_2020.jpg/1280px-Ivanka_Trump_official_portrait_2020.jpg,clear winter,cool,light brown with flecks of green,blonde,high,#005b96,#d6001c,#f2f2f2,#990000,#003153,#996633,#cc9900,#663300,#ffcc99,#ff9966
27,J Balvin,Reggaeton and Latin music,Musicians/Singers,https://upload.wikimedia.org/wikipedia/commons/thumb/d/dd/J_Balvin_BTTR_Tour_Photo_January_2025.jpg/1280px-J_Balvin_BTTR_Tour_Photo_January_2025.jpg,clear winter,cool,"deep brown with a clear, luminous quality","natural dark brown, often dyed in vibrant colors",high,#005bac,#d6001c,#009b77,#a8e4a0,#00b1d2,#7b3f00,#996666,#ccad60,#8d8478,#b2beb5
28,Jackson Wang,Member of GOT7,K-pop/Asian Celebrities,https://upload.wikimedia.org/wikipedia/commons/a/a3/Jackson_Wang_interviewed_for_POVJOV_02.png,clear winter,cool,dark brown with some lighter flecks,natural black,high,#0a75ad,#c0003c,#9b1b30,#0073cf,#b4a0c8,#c2b280,#996633,#cc9966,#663300,#ffcc99
29,James Charles,"Makeup artist, beauty guru on YouTube",Social Media Influencers/Content Creators,https://upload.wikimedia.org/wikipedia/commons/4/4b/James_Charles_-_GLAAD_Media_Awards_2024_%28cropped%29.png,clear winter,cool,"dark brown with hints of charcoal, giving a piercing and deep look that adds to the overall contrast of his features",dark brown,high,#2a4b77,#4a2a77,#772a5a,#2a7077,#772a2a,#f4c2c2,#fff5ee,#fadadd,#ffdab9,#f5deb3
30,Jean Paul Gaultier,Fashion design,Fashion Designers/Style Icons,https://upload.wikimedia.org/wikipedia/commons/c/c5/Jean-Paul_Gaultier.jpg,clear winter,cool,dark brown with a cool undertone,salt and pepper,high,#0a75ad,#49a9c2,#cc2936,#ffffff,#b4d2e7,#c69c6d,#a67b5b,#996515,#cc9900,#663300
31,Jeon Jungkook,Member of BTS,K-pop/Asian Celebrities,,clear winter,cool,"dark brown, almost black in certain lights",natural dark brown,high,#005b96,#ff3c38,#76b041,#f567be,#6b3fa0,#c2b280,#987654,#d2b48c,#a0522d,#8b4513
32,Kelly Clarkson,The Kelly Clarkson Show,TV Personalities/Talk Show Hosts,https://upload.wikimedia.org/wikipedia/commons/a/a4/Kelly_Clarkson_2018_DoD_Warrior_Games_Opening_Ceremony_14_-_Cropped_01.jpg,clear winter,cool,hazel with flecks of green and brown,brunette with subtle highlights,high,#6b7b8c,#005b96,#003366,#4c1c61,#9b1b30,#663300,#996633,#cc9900,#ffcc99,#ff9966
33,Lisa,BLACKPINK,K-pop/Asian Celebrities,,clear winter,cool,dark brown with slight grey undertones,natural dark brown,high,#003366,#0073e6,#33cccc,#660066,#9900cc,#996633,#cc9900,#663300,#ffcc99,#ffff99
34,Marc Jacobs,Fashion design,Fashion Designers/Style Icons,https://upload.wikimedia.org/wikipedia/commons/thumb/f/fc/Marc_Jacobs-3325_%28cropped%29.jpg/1280px-Marc_Jacobs-3325_%28cropped%29.jpg,clear winter,cool,light hazel with grey and green flecks,salt and pepper,high,#0a75ad,#c0003c,#4c2d73,#0093b2,#d6001c,#c2b280,#926f34,#d4a59a,#f4e4b5,#a67b5b
35,Margot Robbie,"The Wolf of Wall Street, Harley Quinn in DC movies",Hollywood Actresses,https://upload.wikimedia.org/wikipedia/commons/5/57/SYDNEY%2C_AUSTRALIA_-_JANUARY_23_Margot_Robbie_arrives_at_the_Australian_Premiere_of_%27I%2C_Tonya%27_on_January_23%2C_2018_in_Sydney%2C_Australia_%2828074883999%29_%28cropped_2%29.jpg,clear winter,cool,blue with a greyish tint,blonde,high,#b000b5,#00ffff,#ff0800,#ffd300,#8a2be2,#d2b48c,#a0522d,#8b4513,#f4a460,#f5f5dc
36,Marilyn Monroe,Iconic roles in 1950s and 1960s cinema,Historical/Classic Hollywood Icons,https://upload.wikimedia.org/wikipedia/commons/thumb/4/4e/Monroecirca1953.jpg/1280px-Monroecirca1953.jpg,clear winter,cool,blue-gray,platinum blonde,high,#6a93ab,#005b96,#494e6b,#9b1b30,#d22630,#d2b48c,#a0522d,#8b4513,#f4a460,#ffd700
37,Minho (Choi Min-ho),Member of SHINee,K-pop/Asian Celebrities,,clear winter,cool,"dark brown with hints of charcoal, adding to the overall cool and intense look that defines clear winters.",natural black,high,#0a75ad,#d6001c,#009b76,#7c2439,#333399,#ffd700,#ffa07a,#f4c430,#996515,#ff6347
38,Neymar Jr.,Football,Athletes/Sports Figures,https://upload.wikimedia.org/wikipedia/commons/b/bb/Neymar_Jr._with_Al_Hilal%2C_3_October_2023_-_03_%28cropped%29.jpg,clear winter,cool,deep brown,natural dark brown,high,#0a75ad,#c0003c,#009b77,#7c2439,#005b9a,#f4c2a0,#a67b5b,#f0e68c,#ffdbac,#996515
39,Stephen Colbert,The Late Show with Stephen Colbert,TV Personalities/Talk Show Hosts,https://upload.wikimedia.org/wikipedia/commons/thumb/9/99/StephenColbert-byPhilipRomano.jpg/1280px-StephenColbert-byPhilipRomano.jpg,clear winter,cool,blue with hints of gray,"salt and pepper, originally dark brown",high,#005b96,#c0007f,#0093b2,#d7003a,#7f00ff,#c2b280,#987654,#7c4916,#d2b48c,#ffdbac
40,Valentino Garavani,Valentino,Fashion Designers/Style Icons,,clear winter,cool,dark brown with hints of charcoal,silver grey,high,#00aeef,#ff3e55,#ffffff,#b2335e,#7f00ff,#c2b280,#987654,#7f6a55,#ffcc99,#996633
41,Alex Morgan,Soccer,Athletes/Sports Figures,https://upload.wikimedia.org/wikipedia/commons/thumb/1/10/Alex_Morgan_May19.jpg/1259px-Alex_Morgan_May19.jpg,cool summer,cool,light blue with gray undertones,dark brown with subtle cool highlights,low,#6a7ba2,#a0acc0,#b4c7d9,#6195ed,#4a657d,#f2c200,#d2691e,#ff6347,#8b4513,#006400
42,Alexa Chung,Fashion design and influencing,Social Media Influencers/Content Creators,https://upload.wikimedia.org/wikipedia/commons/0/03/Alexa-chung-hair-first-look-at-her-l-oreal-campaign-35539_w1000.jpg,cool summer,cool,hazel with flecks of green and gray,dark brown with subtle cool highlights,low,#b4c7d9,#99b4c1,#7a99ae,#5e7f93,#637d8c,#ffd700,#ff8c00,#ff6347,#ff4500,#8b4513
43,Anne Hathaway,"Les Misérables, The Devil Wears Prada",Hollywood Actresses,https://upload.wikimedia.org/wikipedia/commons/thumb/0/03/Anne_Hathaway_at_The_Apprentice_in_NYC_03_%28cropped2%29.jpg/1114px-Anne_Hathaway_at_The_Apprentice_in_NYC_03_%28cropped2%29.jpg,cool summer,cool,dark brown with lighter flecks around the iris,natural dark brown,medium,#b4c6d8,#a8b1d4,#99a3c2,#8897b1,#7986a0,#ffd700,#ff8c00,#ff4500,#8b4513,#800000
44,Barbara Palvin,"High-fashion campaigns, acting",Models/Supermodels,https://upload.wikimedia.org/wikipedia/commons/thumb/6/63/Barbara_Palvin_scowling_for_Chaos.jpg/1280px-Barbara_Palvin_scowling_for_Chaos.jpg,cool summer,cool,light blue with grayish undertones,light brown with subtle ash blonde highlights,low,#b4c6d8,#6998ab,#95a9b8,#c5a3b5,#9e8296,#ffd700,#ff6347,#8b4513,#ff4500,#daa520
45,Benedict Cumberbatch,Doctor Strange in Marvel movies,Hollywood Actors,https://upload.wikimedia.org/wikipedia/commons/thumb/a/ab/Benedict_Cumberbatch-67555.jpg/1280px-Benedict_Cumberbatch-67555.jpg,cool summer,cool,green with flecks of gold,auburn,medium,#6a8a8c,#99b4b7,#a8b6bf,#617c92,#495c6b,#ffd700,#ff8c00,#ff4500,#8b4513,#800000
46,Brie Larson,Captain Marvel in Marvel movies,Hollywood Actresses,https://upload.wikimedia.org/wikipedia/commons/thumb/4/40/Captain_Marvel_trailer_at_the_National_Air_and_Space_Museum_4_%28cropped%29.jpg/1025px-Captain_Marvel_trailer_at_the_National_Air_and_Space_Museum_4_%28cropped%29.jpg,cool summer,cool,light hazel with flecks of green,dirty blonde,low,#b4c7d9,#a8acc0,#99a8b2,#8797a4,#7691a8,#ffd700,#ff8c00,#8b4513,#800000,#ff6347
47,Cara Delevingne,"Runway shows, acting in major films",Models/Supermodels,https://upload.wikimedia.org/wikipedia/commons/8/8a/Cara_Delevingne_for_Rimmel_London_2.jpg,cool summer,cool,"blue-green with a soft, greyish undertone",ash blonde,medium,#b4c7d9,#a3acc9,#6a7988,#99a8b2,#c5c6d0,#ffd700,#ff8c00,#8b4513,#800000,#006400
48,"Charlene, Princess of Monaco",Princess of Monaco,Royal Family Members/Public Figures,https://upload.wikimedia.org/wikipedia/commons/thumb/6/60/Charlene%2C_Princess_of_Monaco-6.jpg/1280px-Charlene%2C_Princess_of_Monaco-6.jpg,cool summer,cool,light blue,ash blonde,low,#b4c7d9,#a8acc0,#6a7a8f,#99c1d9,#d1dde6,#ffd700,#ff8c00,#8b4513,#800000,#ffff00
49,Chris Evans,Captain America in Marvel movies,Hollywood Actors,https://upload.wikimedia.org/wikipedia/commons/thumb/d/d5/Chris_Evans_at_the_2025_Toronto_International_Film_Festival_%28cropped%29.jpg/1108px-Chris_Evans_at_the_2025_Toronto_International_Film_Festival_%28cropped%29.jpg,cool summer,cool,blue with a greyish tint,light ash brown,low,#c5b9cd,#9fb7d4,#7897af,#6b8194,#95a9b8,#ffd700,#ff8c00,#8b4513,#800000,#008000
50,Dara,2NE1,K-pop/Asian Celebrities,,cool summer,cool,dark brown with flecks of lighter brown,ash brown,medium,#b4c6d8,#a4b8c4,#99a3ae,#6d7f8d,#8fa2ad,#ffa07a,#ffd700,#ff4500,#8b4513,#800000
51,Donatella Versace,Versace,Fashion Designers/Style Icons,https://upload.wikimedia.org/wikipedia/commons/8/87/Donatellaversace_%28cropped%29.jpg,cool summer,cool,light blue with a grey undertone,platinum blonde,low,#b4c6d8,#a8b1bd,#99a3af,#899ba7,#798593,#ffd700,#ff8c00,#ff4500,#8b4513,#800000
52,Fred Astaire,Dancing and acting in classic Hollywood musicals,Historical/Classic Hollywood Icons,https://upload.wikimedia.org/wikipedia/commons/thumb/6/69/Astaire%2C_Fred_-_Never_Get_Rich.jpg/1094px-Astaire%2C_Fred_-_Never_Get_Rich.jpg,cool summer,cool,"blue-gray, with a soft, muted quality",light to medium ash brown,low,#6b7b8c,#99a3a4,#a4bac3,#c8cdd0,#9fa9ad,#ffd700,#ff8c00,#8b4513,#800000,#ffff00
53,Ingrid Bergman,Starring roles in 'Casablanca' and 'Notorious',Historical/Classic Hollywood Icons,https://upload.wikimedia.org/wikipedia/commons/c/c0/Ingrid_Bergman%2C_Gaslight_1944.jpg,cool summer,cool,light blue with hints of grey,light ash brown,low,#b4c7d9,#a8acc0,#99a3ae,#d5d6db,#c0c8d1,#ffd700,#ff8c00,#8b4513,#d2691e,#ff6347
54,Jacinda Ardern,Former Prime Minister of New Zealand,Public Figures,https://upload.wikimedia.org/wikipedia/commons/thumb/b/b6/New_Zealand_Prime_Minister_Jacinda_Ardern_in_2018.jpg/1280px-New_Zealand_Prime_Minister_Jacinda_Ardern_in_2018.jpg,cool summer,cool,hazel with flecks of green and gray,soft ash brown,medium,#b4c6d8,#6a7b8b,#9fb6c6,#c5aeb6,#d4afcd,#ffd700,#ff8c00,#8b4513,#006400,#ff6347
55,James Corden,The Late Late Show with James Corden,TV Personalities/Talk Show Hosts,https://upload.wikimedia.org/wikipedia/commons/6/6f/James_Corden_at_2015_PaleyFest_%28cropped%29.jpg,cool summer,cool,blue with gray tones,light brown with subtle blonde highlights,low,#b4c7d9,#a8bbc8,#99aab8,#889ba7,#778b97,#ffd700,#ff8c00,#ff4500,#8b4513,#800000
56,James Dean,Symbol of teenage disillusionment and social estrangement,Historical/Classic Hollywood Icons,https://upload.wikimedia.org/wikipedia/commons/e/e6/James_Dean_in_Rebel_Without_a_Cause.jpg,cool summer,cool,light blue with gray undertones,light ash brown,low,#6a8a8d,#99b4b7,#a7acc4,#c5cbe1,#d1d6e1,#ffd700,#ff8c00,#8b4513,#800000,#ff6347
57,Jean Simmons,Roles in classic films from the 1940s to the 1960s,Historical/Classic Hollywood Icons,https://upload.wikimedia.org/wikipedia/commons/thumb/5/5a/Studio_publicity_Jean_Simmons.jpg/1280px-Studio_publicity_Jean_Simmons.jpg,cool summer,cool,hazel with flecks of green and gray,dark brown with ash tones,medium,#b4c6d8,#6a7b8f,#99b4c1,#d5c7e8,#a093b0,#ffd700,#ff8c00,#8b4513,#ff6347,#800000
58,John Oliver,Last Week Tonight with John Oliver,TV Personalities/Talk Show Hosts,https://upload.wikimedia.org/wikipedia/commons/thumb/4/43/John_Oliver_November_2016.jpg/1280px-John_Oliver_November_2016.jpg,cool summer,cool,light hazel with flecks of green,dark ash brown,medium,#b4c7d9,#9fafc4,#8599af,#6f829a,#d5bec7,#ffd700,#ff8c00,#ff6347,#8b4513,#ff4500
59,Kim Taehyung (V),Member of BTS,K-pop/Asian Celebrities,https://upload.wikimedia.org/wikipedia/commons/d/d4/BTS%27s_V_20251004_04.jpg,cool summer,cool,"dark brown with a soft, muted quality, reflecting subtle hues of grey under certain lighting conditions, which complements his cool and soft appearance.",natural dark brown,low,#b4a8c7,#99a3cc,#a8acc7,#c7b8d9,#d9c2e8,#ffd700,#ff8c00,#8b4513,#ff6347,#800000
60,Krystal Jung,"Singer, actress, former member of f(x)",K-pop/Asian Celebrities,https://upload.wikimedia.org/wikipedia/commons/thumb/3/36/Krystal_at_Incheon_International_Airport_on_01042025_%281%29.jpg/1280px-Krystal_at_Incheon_International_Airport_on_01042025_%281%29.jpg,cool summer,cool,dark gray-brown,dark ash brown,medium,#b4c6d8,#6b7e8f,#a7acc1,#678693,#9eadb6,#f2c200,#ff8c00,#ff6347,#8b4513,#800000
61,Lady Gaga,"Pop music, actress",Musicians/Singers,https://upload.wikimedia.org/wikipedia/commons/thumb/0/0e/Lady_Gaga_at_Joe_Biden%27s_inauguration_%28cropped_5%29.jpg/1280px-Lady_Gaga_at_Joe_Biden%27s_inauguration_%28cropped_5%29.jpg,cool summer,cool,hazel with a grayish undertone,ash blonde,medium,#b4c6d8,#99a3b2,#d1c4dd,#a7acc0,#c1dad6,#ffd700,#ff8c00,#8b4513,#800000,#006400
62,Lara Stone,"High-profile modeling, distinctive gap-tooth",Models/Supermodels,https://upload.wikimedia.org/wikipedia/commons/6/60/Lara_Stone_NYC.jpg,cool summer,cool,light blue with a greyish tint,ash blonde,low,#b4c6d8,#a7acc4,#99a3b0,#6d8297,#c5afcb,#ffd700,#ff8c00,#8b4513,#800000,#ff6347
63,Lily Aldridge,"Victoria's Secret Angel, high-profile ad campaigns",Models/Supermodels,https://upload.wikimedia.org/wikipedia/commons/5/5d/Lily_Aldridge_in_2014_%28cropped%29.jpg,cool summer,cool,light hazel with flecks of green and gray,dark chestnut with subtle ash tones,medium,#6b7b8c,#a5afc4,#c4c6d8,#d9d2e9,#9fafba,#ffd700,#ff8c00,#8b4513,#ff6347,#800000
64,Manny MUA,Beauty blogger and makeup artist,Social Media Influencers/Content Creators,https://upload.wikimedia.org/wikipedia/commons/4/4f/Manny_MUA_2021.png,cool summer,cool,dark brown with subtle cool undertones,black,medium,#b4c6d8,#a8acc0,#99afc4,#d1d8dd,#c8b6c1,#f2d7b4,#e6b887,#ffd700,#ff8c00,#8b4513
65,Maria Sharapova,Tennis,Athletes/Sports Figures,https://upload.wikimedia.org/wikipedia/commons/thumb/b/bc/Maria_Sharapova_during_opening_night_of_Web_Summit_2025_at_the_MEO_Arena_in_Lisbon%2C_Portugal.jpg/1280px-Maria_Sharapova_during_opening_night_of_Web_Summit_2025_at_the_MEO_Arena_in_Lisbon%2C_Portugal.jpg,cool summer,cool,green with flecks of gold,dirty blonde,low,#b4c7d9,#a8acc0,#99a3ae,#c5cde0,#d1c4ce,#ffd700,#ff6347,#8b4513,#ff4500,#800000
66,Megyn Kelly,"The Megyn Kelly Show, journalist",TV Personalities/Talk Show Hosts,https://upload.wikimedia.org/wikipedia/commons/thumb/7/7c/Megyn_Kelly_%2854670579634%29_%28cropped%29.jpg/1280px-Megyn_Kelly_%2854670579634%29_%28cropped%29.jpg,cool summer,cool,light blue with grayish undertones,ash blonde,low,#6b7b8b,#a0aab5,#9b90c2,#7897a1,#677e8c,#ffd700,#ff8c00,#8b4513,#ff6347,#800000
67,Phoebe Philo,Celine,Fashion Designers/Style Icons,https://upload.wikimedia.org/wikipedia/commons/c/c4/Phoebe_Philo_2.jpg,cool summer,cool,grey-blue,ashy light brown,low,#b4a8b2,#99b4c1,#a8acc4,#6a7989,#d6c4c9,#ffd700,#ff8c00,#8b4513,#ff6347,#800000
68,Prince William,Duke of Cambridge,Royal Family Members/Public Figures,https://upload.wikimedia.org/wikipedia/commons/a/a7/Prince_of_Wales_at_State_Banquet_2025-09-17_%280.75_crop%29.jpg,cool summer,cool,blue with grey tones,light brown with natural blonde highlights,low,#b4c6d8,#a8acc0,#99a3b2,#8599a8,#6d8396,#ffa07a,#ffd700,#ff6347,#ff4500,#8b4513
69,Princess Victoria of Sweden,Crown Princess of Sweden,Royal Family Members/Public Figures,https://upload.wikimedia.org/wikipedia/commons/thumb/d/d4/2025-11-18_Event%2C_Besuch_der_Kronprinzessin_Victoria_von_Schweden_beim_deutschen_Bundespr%C3%A4sidenten_Frank-Walter_Steinmeier_im_November_2025_STP_9817-2.jpg/1280px-2025-11-18_Event%2C_Besuch_der_Kronprinzessin_Victoria_von_Schweden_beim_deutschen_Bundespr%C3%A4sidenten_Frank-Walter_Steinmeier_im_November_2025_STP_9817-2.jpg,cool summer,cool,light blue with grey hints,dark blonde with subtle ash tones,low,#b4c6d8,#a8acc0,#99a8b2,#d1d6dd,#c2b5c9,#ffd700,#ff8c00,#8b4513,#800000,#008000
70,Rosalia,Flamenco and urban music,Musicians/Singers,,cool summer,cool,deep hazel with flecks of green,natural dark brown,medium,#b4a8c7,#a8acc4,#99b4c1,#89a7b5,#79899a,#ffd700,#ff8c00,#ff4500,#dc143c,#8b0000
71,Samantha Ravndahl,Makeup artistry and beauty advice,Social Media Influencers/Content Creators,,cool summer,cool,grayish blue,ash blonde,low,#b4c6d8,#a7acc9,#99a3b2,#c5bdd0,#d5aecb,#ffd700,#ff8c00,#8b4513,#800000,#006400
72,Sehun,EXO,K-pop/Asian Celebrities,https://upload.wikimedia.org/wikipedia/commons/thumb/4/46/Oh_Se-hun_at_Rimowa_Essential_Poly_Color_Collection_Launch_on_July_5%2C_2019.png/1280px-Oh_Se-hun_at_Rimowa_Essential_Poly_Color_Collection_Launch_on_July_5%2C_2019.png,cool summer,cool,dark brown with a soft gray undertone,natural dark brown,low,#b4c7d9,#a0aab4,#879fb3,#6a7f9a,#c1d0e1,#ffd700,#ffa500,#8b4513,#ff6347,#800000
73,Sehun (Oh Se-hun),Member of EXO,K-pop/Asian Celebrities,https://upload.wikimedia.org/wikipedia/commons/thumb/4/46/Oh_Se-hun_at_Rimowa_Essential_Poly_Color_Collection_Launch_on_July_5%2C_2019.png/1280px-Oh_Se-hun_at_Rimowa_Essential_Poly_Color_Collection_Launch_on_July_5%2C_2019.png,cool summer,cool,dark brown with a cool undertone,natural black,low,#6794a7,#a5acc0,#b4c4cb,#d9d2e9,#c2a6b9,#ffd700,#ff8c00,#d2691e,#8b4513,#ff6347
74,Shawn Mendes,Pop music,Musicians/Singers,https://upload.wikimedia.org/wikipedia/commons/a/a4/191125_Shawn_Mendes_at_the_2019_American_Music_Awards.png,cool summer,cool,"dark brown with flecks of lighter brown, giving depth and complexity",dark brown with subtle ash tones,medium,#6b7b8b,#559e9e,#4a638d,#b4c7d9,#c5a3b6,#ffd700,#ff8c00,#8b4513,#ff6347,#800000
75,Tati Westbrook,Beauty tutorials and product reviews,Social Media Influencers/Content Creators,,cool summer,cool,hazel with flecks of green and grey,ashy dark blonde,medium,#b4c7d9,#a8b1bf,#99a0ad,#8897a4,#77848e,#ffd700,#ff8c00,#ff4500,#8b0000,#32cd32
76,Timothée Chalamet,"Call Me by Your Name, Dune",Hollywood Actors,https://upload.wikimedia.org/wikipedia/commons/thumb/5/5c/Timoth%C3%A9e_Chalamet-63482_%28cropped%29.jpg/1280px-Timoth%C3%A9e_Chalamet-63482_%28cropped%29.jpg,cool summer,cool,green with hints of hazel,natural dark brown,medium,#6b7b8b,#7891a2,#5a77a8,#4f657d,#c5d1d8,#ffd700,#ff8c00,#ff4500,#008000,#8b4513
77,Tzuyu,TWICE,K-pop/Asian Celebrities,https://upload.wikimedia.org/wikipedia/commons/5/58/20240305_Chou_Tzuyu_%E5%91%A8%E5%AD%90%E7%91%9C_02.jpg,cool summer,cool,"dark brown, almost black with hints of cool undertones",dark brown with ash tones,medium,#b6c0ca,#a8adc0,#99a8b2,#677e8e,#7599ae,#ffd700,#ff8c00,#ff6347,#8b4513,#ff4500
78,Vivien Leigh,Starring role in 'Gone with the Wind',Historical/Classic Hollywood Icons,https://upload.wikimedia.org/wikipedia/commons/thumb/b/b6/Vivien_Leigh_Scarlet.jpg/1280px-Vivien_Leigh_Scarlet.jpg,cool summer,cool,green with flecks of gray,dark chestnut brown,medium,#6a8a82,#9b90c8,#a4b0be,#c5b4d3,#d1c4ce,#ffd700,#ff8c00,#8b4513,#800000,#008000
79,Zoe Sugg,"YouTube personality, blogger",Social Media Influencers/Content Creators,https://upload.wikimedia.org/wikipedia/commons/thumb/5/5d/Zoe_Sugg_by_Gage_Skidmore.jpg/1280px-Zoe_Sugg_by_Gage_Skidmore.jpg,cool summer,cool,blue with grey tones,light to medium brown,low,#b4a8c7,#a8adc8,#99b4c8,#89a8c7,#c8b4a8,#ffd700,#ff8c00,#8b4513,#800000,#ff6347
80,Adriana Lima,"Victoria's Secret Angel, high-profile endorsements",Models/Supermodels,https://upload.wikimedia.org/wikipedia/commons/thumb/f/f6/Adriana_Lima_at_80th_Venice_International_Film_Festival.jpg/1280px-Adriana_Lima_at_80th_Venice_International_Film_Festival.jpg,cool winter,cool,blue-gray with a hint of green,deep espresso brown,high,#6a519d,#495c7b,#b4a8e8,#c8a2c8,#9b1c31,#ffd700,#ff8c00,#b8860b,#cd853f,#8b4513
81,Anna Wintour,Editor-in-Chief of Vogue,Fashion Designers/Style Icons,https://upload.wikimedia.org/wikipedia/commons/thumb/6/64/Anna_Wintour_Is_This_Thing_On-78.jpg/1280px-Anna_Wintour_Is_This_Thing_On-78.jpg,cool winter,cool,dark brown with subtle cool undertones,bob with bangs in a light to medium brown shade,high,#113c70,#5b97b1,#cccccc,#6a6fa8,#9b1b30,#ffd700,#f4a460,#d2691e,#ff6347,#ffa07a
82,Ariana Grande,"Pop music, actress",Musicians/Singers,https://upload.wikimedia.org/wikipedia/commons/7/7c/Ariana_Grande_promoting_Wicked_%282024%29.jpg,cool winter,cool,"dark brown, almost appearing black in certain lighting",dark brown to black,high,#5a5b9f,#4a708b,#6f9fd8,#c0003c,#800040,#ffd700,#ffa07a,#ff6347,#ff4500,#d2b48c
83,Audrey Hepburn,Elegant and timeless roles in cinema,Historical/Classic Hollywood Icons,https://upload.wikimedia.org/wikipedia/commons/thumb/7/74/AudreyKHepburn.jpg/1216px-AudreyKHepburn.jpg,cool winter,cool,dark brown with subtle cool undertones,natural dark brown,high,#6a6fa8,#4c516d,#223a5e,#9b1b30,#c0003c,#f3e5ab,#fad2a5,#daa06d,#b68b6f,#ffd700
84,Bette Davis,Powerful performances in classic cinema,Historical/Classic Hollywood Icons,https://upload.wikimedia.org/wikipedia/commons/4/46/BetteDavis1935.jpg,cool winter,cool,deep blue with a distinctive gray edge,ash blonde,high,#6a5acd,#483d8b,#4682b4,#5f9ea0,#000080,#ffd700,#ff6347,#ffa07a,#ff4500,#d2b48c
85,Billie Eilish,Alternative pop music,Musicians/Singers,https://upload.wikimedia.org/wikipedia/commons/c/c7/BillieEilishO2140725-39_-_54665577407_%28cropped%29.jpg,cool winter,cool,blue-gray,platinum blonde,high,#6a7ba2,#003366,#4a638d,#cc3366,#990033,#ffcc99,#ff9966,#cc6633,#996633,#669900
86,Cary Grant,Charming roles in romantic and suspense films,Historical/Classic Hollywood Icons,https://upload.wikimedia.org/wikipedia/commons/thumb/2/27/Grant%2C_Cary_%28Suspicion%29_01_Crisco_edit.jpg/1280px-Grant%2C_Cary_%28Suspicion%29_01_Crisco_edit.jpg,cool winter,cool,dark brown with hints of gray,salt and pepper,high,#113f8c,#e8112d,#009b77,#333d79,#d70060,#ffd700,#ffa07a,#ff6347,#f4a460,#ffdead
87,Charlize Theron,"Mad Max: Fury Road, Monster",Hollywood Actresses,https://upload.wikimedia.org/wikipedia/commons/thumb/5/5d/Charlize-theron-IMG_6045.jpg/1280px-Charlize-theron-IMG_6045.jpg,cool winter,cool,green with flecks of gray,naturally dark blonde,high,#6a6fa8,#005f83,#4a708b,#ffd1dc,#c71585,#f4a460,#ffd700,#ffa07a,#8b4513,#b8860b
88,Chloe Kim,Snowboarding,Athletes/Sports Figures,https://upload.wikimedia.org/wikipedia/commons/8/8c/Chloe_Kim_Seal_V1.jpg,cool winter,cool,dark brown with cool undertones,black,high,#6a6fa8,#003366,#ffd1dc,#990033,#660099,#ffd700,#ffa07a,#ff6347,#ff4500,#8b4513
89,Crown Princess Mary of Denmark,Crown Princess of Denmark,Royal Family Members/Public Figures,,cool winter,cool,dark brown with cool undertones,dark brown with natural cool undertones,high,#6b7b8b,#4a708b,#49516a,#2f2f4f,#515e6b,#eedc82,#ffd700,#ffa07a,#ff6347,#f4a460
90,Duckie Thot,"High-fashion runway shows, advocacy for diversity",Models/Supermodels,https://upload.wikimedia.org/wikipedia/commons/e/eb/Duckie_Thot_after_fashion_show.jpg,cool winter,cool,dark brown almost black,natural black,high,#6a5acd,#483d8b,#00ced1,#4682b4,#5f9ea0,#ffd700,#f4a460,#d2b48c,#ff6347,#ffa07a
91,Emmanuel Macron,President of France,Public Figures,https://upload.wikimedia.org/wikipedia/commons/4/47/Emmanuel_Macron_-_June_2025_%283x4_cropped%29.jpg,cool winter,cool,blue with a grayish undertone,dark ash brown,medium,#5a7d9a,#233067,#6a859e,#b4c6dc,#d6d6d8,#f4c2a0,#daa06d,#ffd700,#cc7722,#a52a2a
92,Halsey,Alternative pop music,Musicians/Singers,https://upload.wikimedia.org/wikipedia/commons/thumb/7/79/Halsey_%40_Hollywood_Forever_10_14_2025_%2854925751159%29.jpg/1280px-Halsey_%40_Hollywood_Forever_10_14_2025_%2854925751159%29.jpg,cool winter,cool,hazel with flecks of green and brown,"naturally dark brown, often dyed in various shades",high,#6a6fa9,#005ba1,#009999,#993366,#cc3366,#ffcc99,#ff9966,#cc9933,#996633,#663300
93,Harry Styles,"Pop music, fashion icon",Musicians/Singers,https://upload.wikimedia.org/wikipedia/commons/thumb/b/b2/HarryStylesWembley170623_%2865_of_93%29_%2852982678051%29_%28cropped_2%29.jpg/1280px-HarryStylesWembley170623_%2865_of_93%29_%2852982678051%29_%28cropped_2%29.jpg,cool winter,cool,emerald green with flecks of golden brown,dark brown with natural cool undertones,high,#0a75ad,#4d4f53,#6b7b8c,#c0c3c5,#ffffff,#ffd700,#ffa07a,#f4a460,#deb887,#cd853f
94,Hedi Slimane,"Celine, previously Saint Laurent",Fashion Designers/Style Icons,https://upload.wikimedia.org/wikipedia/commons/6/6f/Hedi_Slimane_in_2015.jpg,cool winter,cool,dark brown with hints of gray,jet black,high,#223b6d,#4a638d,#a5b3cc,#6d7e8c,#cccccc,#ffd700,#ffa500,#ff6347,#8b4513,#d2b48c
95,Henry Cavill,Superman in DC movies,Hollywood Actors,https://upload.wikimedia.org/wikipedia/commons/thumb/3/30/Henry_Cavill_%2848417913146%29_%28cropped%29.jpg/1043px-Henry_Cavill_%2848417913146%29_%28cropped%29.jpg,cool winter,cool,striking blue with a cool undertone,dark brown,high,#5a7d9a,#223a5e,#4a6374,#9b1b30,#6b2e53,#f4c430,#ffd700,#e97451,#ffdb58,#daa520
96,Jeffree Star,"Beauty YouTuber, entrepreneur",Social Media Influencers/Content Creators,https://upload.wikimedia.org/wikipedia/commons/1/1a/Jeffree_Star_Rupaul_Dragcon_2018-337_%2841377487274%29_%28cropped%29.jpg,cool winter,cool,light blue with a grayish undertone,platinum blonde,high,#236192,#00a3e0,#b8336a,#d60076,#6a358a,#d2b48c,#a0522d,#8b4513,#f4a460,#deb887
97,Jennie Kim,Member of BLACKPINK,K-pop/Asian Celebrities,https://upload.wikimedia.org/wikipedia/commons/thumb/d/de/Jennie_Kim_in_November_2023_%28Unedited%29_%28cropped%29.jpg/1280px-Jennie_Kim_in_November_2023_%28Unedited%29_%28cropped%29.jpg,cool winter,cool,dark brown with subtle cool undertones,natural dark brown,high,#4b0082,#00009c,#003366,#333399,#660099,#ffd700,#ffa500,#ff6347,#ff4500,#ff8c00
98,Jimmy Fallon,The Tonight Show Starring Jimmy Fallon,TV Personalities/Talk Show Hosts,https://upload.wikimedia.org/wikipedia/commons/9/9e/Jimmy_Fallon%2C_Montclair_Film_Festival%2C_2013.jpg,cool winter,cool,brown with lighter flecks,dark brown,high,#6a6fa8,#005b96,#003c5a,#a70050,#960018,#f5cba7,#ffd700,#e6b395,#a2836e,#ffad60
99,Joan Crawford,Career spanning from silent movies to 1970s cinema,Historical/Classic Hollywood Icons,https://upload.wikimedia.org/wikipedia/commons/4/49/JCrawford39.jpg,cool winter,cool,dark blue with a grayish tint,dark chestnut with auburn highlights,high,#b4c6ea,#6a7b8b,#c5a3bf,#7898ae,#d6e0f0,#f3cba6,#dec79b,#b7815b,#876d56,#ffd700
100,Jourdan Dunn,"Runway shows, high-fashion campaigns",Models/Supermodels,https://upload.wikimedia.org/wikipedia/commons/thumb/7/70/Jourdan_Dunn_Paris_Fashion_Week_Autumn_Winter_2019.jpg/1280px-Jourdan_Dunn_Paris_Fashion_Week_Autumn_Winter_2019.jpg,cool winter,cool,deep brown,natural dark brown,high,#23395d,#5a79a5,#b4c6e7,#6a7ba2,#35203b,#f1c27d,#deab8a,#ffd700,#e6b398,#ad8b75
101,Kaia Gerber,"Fashion campaigns, runway shows, celebrity lineage",Models/Supermodels,https://upload.wikimedia.org/wikipedia/commons/thumb/2/29/Kaia_Gerber_at_the_2024_Toronto_International_Film_Festival_01_%28Cropped%29.jpg/1280px-Kaia_Gerber_at_the_2024_Toronto_International_Film_Festival_01_%28Cropped%29.jpg,cool winter,cool,"dark brown with a cool, almost ash-like undertone",natural dark brown,medium,#6a6fa8,#4a708b,#003366,#cc0033,#990033,#ffd700,#ffa500,#ff6347,#ff4500,#8b4513
102,Karl Lagerfeld,"Chanel, Fendi",Fashion Designers/Style Icons,https://upload.wikimedia.org/wikipedia/commons/b/b9/Fendi_store_opening_-_Karl_Lagerfeld_%2814091153382%29_crop.jpg,cool winter,cool,dark brown with light flecks,white,high,#0a0f59,#236192,#5a79ba,#9bb7d4,#c1d0e5,#ffd700,#ff6347,#f4a460,#d2691e,#b8860b
103,Kate Middleton,Duchess of Cambridge,Royal Family Members/Public Figures,https://upload.wikimedia.org/wikipedia/commons/e/e9/Princess_of_Wales_at_State_Banquet_2025-09-17_%280.75_crop%29.jpg,cool winter,cool,dark green with flecks of light brown,dark brown with cool undertones,high,#113c70,#4b0082,#ffd700,#c0c0c0,#ffffff,#ff6347,#ffdab9,#f4a460,#d2b48c,#bc8f8f
104,Katy Perry,Pop music,Musicians/Singers,https://upload.wikimedia.org/wikipedia/commons/thumb/e/ef/KatyPerryWestminst111224_%2881_of_95%29_%2854206733094%29_%28cropped_2%29.jpg/1280px-KatyPerryWestminst111224_%2881_of_95%29_%2854206733094%29_%28cropped_2%29.jpg,cool winter,cool,light blue with a grey undertone,"black (signature dyed), natural blonde",high,#6a6fa8,#005a89,#963d97,#d2386c,#009b77,#f4c2a0,#daa06d,#a67b5b,#6f432a,#fff5ee
105,Lewis Hamilton,Formula 1 Racing,Athletes/Sports Figures,https://upload.wikimedia.org/wikipedia/commons/thumb/d/d3/Prime_Minister_Keir_Starmer_meets_Sir_Lewis_Hamilton_%2854566928382%29_%28cropped%29.jpg/1280px-Prime_Minister_Keir_Starmer_meets_Sir_Lewis_Hamilton_%2854566928382%29_%28cropped%29.jpg,cool winter,cool,"dark brown with a cool, deep base",natural dark brown,high,#5a5b9f,#4a708b,#6a5acd,#483d8b,#4682b4,#ffd700,#ffa07a,#ff6347,#ff4500,#f4a460
106,Marlene Dietrich,Glamorous roles in early Hollywood cinema,Historical/Classic Hollywood Icons,https://upload.wikimedia.org/wikipedia/commons/2/2d/Marlene_Dietrich_in_No_Highway_%281951%29_%28Cropped%29.png,cool winter,cool,light blue with hints of gray,platinum blonde,high,#223b6d,#4a6da7,#6c7b95,#cccccc,#fffafa,#f4a460,#d2691e,#a0522d,#8b4513,#deb887
107,Megan Rapinoe,Soccer,Athletes/Sports Figures,https://upload.wikimedia.org/wikipedia/commons/thumb/b/b7/Megan_Rapinoe_%2848675274817%29_%28cropped%29.jpg/1280px-Megan_Rapinoe_%2848675274817%29_%28cropped%29.jpg,cool winter,cool,light blue with a grayish undertone,platinum blonde,high,#233067,#6a6fa8,#009b77,#005b96,#d6e0f0,#f4c2c2,#d2b48c,#996515,#ffdb58,#cc7722
108,Melania Trump,Former First Lady of the United States,Public Figures,https://upload.wikimedia.org/wikipedia/commons/thumb/7/7f/Melania_Trump%E2%80%99s_Official_White_House_Portrait_%282025%29_%283x4_cropped%29.jpg/1280px-Melania_Trump%E2%80%99s_Official_White_House_Portrait_%282025%29_%283x4_cropped%29.jpg,cool winter,cool,deep blue with a grayish undertone,rich chocolate brown,high,#113c59,#2a4d69,#4c6a92,#eae6ef,#d0d3d4,#f4c2c2,#ffdbac,#fdab9f,#ffd700,#8b4513
109,Michelle Phan,"Beauty YouTuber, entrepreneur",Social Media Influencers/Content Creators,https://upload.wikimedia.org/wikipedia/commons/thumb/a/a3/Michelle_Phan.jpg/1280px-Michelle_Phan.jpg,cool winter,cool,dark brown with a cool undertone,black,high,#6b7b8b,#4a5b6a,#233043,#7f8ca1,#9fa4af,#f4c430,#daa520,#b8860b,#ffd700,#ffa07a
110,Mikaela Shiffrin,Alpine Ski Racing,Athletes/Sports Figures,https://upload.wikimedia.org/wikipedia/commons/thumb/7/71/Mikaela_Shiffrin_%28Portrait%29.jpg/1085px-Mikaela_Shiffrin_%28Portrait%29.jpg,cool winter,cool,blue with gray undertones,dark brown with ash tones,high,#6a5acd,#483d8b,#4682b4,#5f9ea0,#000080,#ffd700,#ffa07a,#cd853f,#f4a460,#d2691e
111,Prince Albert II,Prince of Monaco,Royal Family Members/Public Figures,https://upload.wikimedia.org/wikipedia/commons/3/37/Prince_Albert_II_of_Monaco_at_the_Enthronement_of_Naruhito_%281%29.jpg,cool winter,cool,light blue with a steel gray rim,"salt and pepper, originally dark",high,#223b6d,#4a637d,#6a798c,#2a2f43,#d6d6d8,#ffcc99,#ff9966,#cc6633,#996633,#663300
112,Queen Letizia of Spain,Queen of Spain,Royal Family Members/Public Figures,https://upload.wikimedia.org/wikipedia/commons/8/8d/2020-02-06_Visita_de_los_Reyes_a_%C3%89cija_con_motivo_del_%22Premio_Escuela_del_A%C3%B1o_2019%22_de_la_Fundaci%C3%B3n_Princesa_de_Girona%2C_31_%28Queen_Letizia%29.jpg,cool winter,cool,hazel with flecks of green,dark brown,high,#5a79ba,#233067,#d1d7e9,#6a6fa9,#a5a6d9,#f4c2a0,#fee5ad,#daaa56,#ffdab9,#b5651d
113,Ryan Seacrest,Live with Kelly and Ryan,TV Personalities/Talk Show Hosts,https://upload.wikimedia.org/wikipedia/commons/0/04/Ryan_Seacrest_%282019%29.jpg,cool winter,cool,light brown with flecks of gray,"salt and pepper, originally dark brown",medium,#5a5b9f,#4a708b,#6b3e26,#00009c,#c71585,#ffd700,#f4a460,#d2b48c,#ff6347,#ffa07a
114,Safiya Nygaard,"Beauty and fashion YouTuber, known for 'bad makeup science' experiments",Social Media Influencers/Content Creators,https://upload.wikimedia.org/wikipedia/commons/7/7e/Safiye_nygaard_2018.png,cool winter,cool,dark brown with cool undertones,black,high,#1a1a6a,#4a2040,#5b92e5,#d1d1e0,#400082,#ffd700,#ffa07a,#f4a460,#d2b48c,#ffdead
115,Sana (Minatozaki Sana),Member of TWICE,K-pop/Asian Celebrities,https://upload.wikimedia.org/wikipedia/commons/6/62/Sana_Minatozaki_%E6%B9%8A%EF%A8%91_%E7%B4%97%E5%A4%8F_20250118_07.jpg,cool winter,cool,dark brown with a cool undertone,black,high,#6a6fa8,#004953,#5b609e,#49516f,#a5a0af,#ffd700,#ffa07a,#f4a460,#deb887,#cd853f
116,Saoirse Ronan,"Lady Bird, Little Women",Hollywood Actresses,https://upload.wikimedia.org/wikipedia/commons/thumb/a/ae/MKr349648_Saoirse_Ronan_%28The_Outrun%2C_Berlinale_2024%29.jpg/1280px-MKr349648_Saoirse_Ronan_%28The_Outrun%2C_Berlinale_2024%29.jpg,cool winter,cool,blue with hints of grey,ash blonde,high,#00529b,#6b7b8c,#cccccc,#101820,#e0e0e0,#f4c2c2,#ffd700,#ffa07a,#8b4513,#ff6347
117,Seth Meyers,Late Night with Seth Meyers,TV Personalities/Talk Show Hosts,https://upload.wikimedia.org/wikipedia/commons/thumb/0/00/Seth_Meyers_by_Gage_Skidmore.jpg/1280px-Seth_Meyers_by_Gage_Skidmore.jpg,cool winter,cool,light hazel with flecks of green,salt and pepper,medium,#6a8a8d,#485867,#b4c6d8,#d0d6e8,#7694b6,#daa520,#ffd700,#8b4513,#f4a460,#ff6347
118,Simone Biles,Gymnastics,Athletes/Sports Figures,https://upload.wikimedia.org/wikipedia/commons/thumb/f/f6/Simone_Biles_National_Team_2024.jpg/1280px-Simone_Biles_National_Team_2024.jpg,cool winter,cool,dark brown with slight cool undertones,natural dark brown,high,#5a5b9f,#4a306d,#6b7b8c,#223a5e,#88b04b,#e2a76f,#ffdbac,#f9bf58,#d27d46,#f88379
119,Tom Ford,"Fashion design, film",Fashion Designers/Style Icons,https://upload.wikimedia.org/wikipedia/commons/9/98/Tom_Ford_cropped_2009.jpg,cool winter,cool,dark brown with cool undertones,salt and pepper,high,#223b75,#4a5391,#6a6599,#202c59,#9b9bb4,#ffd700,#ffa500,#8b4513,#ff6347,#f4a460
120,Tyra Banks,"Supermodel, reality TV host",Models/Supermodels,https://upload.wikimedia.org/wikipedia/commons/thumb/a/aa/Tyra_Banks_2011.jpg/1152px-Tyra_Banks_2011.jpg,cool winter,cool,hazel with flecks of gold and green,natural dark brown,high,#6a6fa8,#009b77,#005b96,#4a6391,#d3517c,#f4c2a0,#a67b5b,#d9a566,#f3e5ab,#c39953
121,Tzuyu (Chou Tzu-yu),Member of TWICE,K-pop/Asian Celebrities,https://upload.wikimedia.org/wikipedia/commons/5/58/20240305_Chou_Tzuyu_%E5%91%A8%E5%AD%90%E7%91%9C_02.jpg,cool winter,cool,dark brown with cool undertones,natural black,high,#6a6fa8,#4a639b,#49516f,#b4c7e7,#d1d6eb,#f4c430,#cc7722,#ffdb58,#daa520,#996515
122,Victoria Beckham,"Fashion design, pop music",Fashion Designers/Style Icons,https://upload.wikimedia.org/wikipedia/commons/a/a8/VictoriaBeckham2018-2-Crop.jpg,cool winter,cool,"dark brown, almost black, with cool undertones",dark brown with cool undertones,high,#4a638d,#6b7fa8,#223b5a,#b4c7e7,#c14662,#f4c2a0,#daa06d,#b87333,#ffd700,#a67b5b
123,Wayne Goss,Professional makeup artist and beauty YouTuber,Social Media Influencers/Content Creators,https://upload.wikimedia.org/wikipedia/commons/thumb/4/43/Portrait_of_Wayne_Keith_Goss%2C_Premier_of_Queensland.jpg/1280px-Portrait_of_Wayne_Keith_Goss%2C_Premier_of_Queensland.jpg,cool winter,cool,light to medium brown with cool undertones,natural dark brown,high,#113f8c,#0071bc,#00529b,#6b7a8f,#ffffff,#ffd700,#ff8c00,#ff6347,#f4a460,#9acd32
124,Winnie Harlow,"Advocacy for skin conditions, unique look",Models/Supermodels,https://upload.wikimedia.org/wikipedia/commons/5/57/Winnie_Harlow_Cannes_2018.jpg,cool winter,cool,deep brown,natural dark brown,high,#101820,#2a2b5a,#5a79ba,#6b7b8c,#c3cde6,#ffd700,#ffa07a,#f4a460,#deb887,#ff6347
125,Yuzuru Hanyu,Figure Skating,Athletes/Sports Figures,https://upload.wikimedia.org/wikipedia/commons/0/00/2018_Winter_Olympics_-_Yuzuru_Hanyu_%28cropped%29.jpg,cool winter,cool,dark brown with subtle grey tones,black,high,#5a79a5,#00a0b0,#6b3e98,#d70060,#ffb3b3,#f0e68c,#ffd700,#ff6347,#8b4513,#d2b48c
126,Adele,Soulful pop music,Musicians/Singers,https://upload.wikimedia.org/wikipedia/commons/thumb/7/7c/Adele_2016.jpg/1280px-Adele_2016.jpg,deep autumn,warm,deep green with flecks of brown,natural dark brown,medium,#e8b4a8,#c89f94,#7d4a38,#a56e43,#d9a566,#000000,#ffffff,#ff00ff,#00ffff,#800080
127,Adut Akech,"Runway shows, advocacy for refugees",Models/Supermodels,https://upload.wikimedia.org/wikipedia/commons/4/46/Adut_Akech_at_Roberto_Cavalli_FW22.jpg,deep autumn,warm,deep brown,natural dark brown,medium,#6a4a3c,#cc333f,#00a0b0,#eb6841,#edc951,#a0aab2,#92dce5,#d1f2a5,#ffd3b6,#ffaaa5
128,Alicia Keys,R&B and soul music,Musicians/Singers,https://upload.wikimedia.org/wikipedia/commons/thumb/c/c4/Alicia_Keys_%282025%29.jpg/1280px-Alicia_Keys_%282025%29.jpg,deep autumn,warm,deep brown,natural dark brown,medium,#e8b4a8,#c89f94,#6a4e3d,#8a6642,#9c6d57,#000000,#ffffff,#00ffff,#ff00ff,#800080
129,Allyson Felix,Sprinting,Athletes/Sports Figures,https://upload.wikimedia.org/wikipedia/commons/1/10/AllysonFelixRio2016.jpg,deep autumn,warm,deep brown,natural dark brown,medium,#7a443a,#855c4c,#6a3e37,#c47e5d,#d69a76,#000000,#ffffff,#c0c0c0,#fffff0,#ffd700
130,Ashley Graham,"Plus-size modelling, body positivity advocacy",Models/Supermodels,https://upload.wikimedia.org/wikipedia/commons/7/75/Ashley_Graham_2018.png,deep autumn,warm,deep brown,natural dark brown,medium,#6a4a3c,#cc9966,#ffcc99,#663333,#cc3333,#0000ff,#99ccff,#ccccff,#669999,#ccffff
131,Camila Cabello,Pop and Latin music,Musicians/Singers,https://upload.wikimedia.org/wikipedia/commons/1/14/Camila_Cabello_AMAs_2019.png,deep autumn,warm,deep brown,natural dark brown,medium,#e8b4a8,#c89f94,#d9a066,#b76e79,#6a4e42,#000000,#ffffff,#89cff0,#c0c0c0,#ffc0cb
132,Cardi B,Rap music,Musicians/Singers,https://upload.wikimedia.org/wikipedia/commons/3/36/Cardi_B_March_2024.png,deep autumn,warm,deep brown,natural dark brown,medium,#e8b4a8,#c89f94,#6d4c41,#9e5a4a,#d08c60,#000000,#ffffff,#ff69b4,#00ffff,#0000ff
133,Chadwick Boseman,Black Panther in Marvel movies,Hollywood Actors,https://upload.wikimedia.org/wikipedia/commons/thumb/e/e8/Chadwick_Boseman_by_Gage_Skidmore_July_2017_%28cropped%29.jpg/1280px-Chadwick_Boseman_by_Gage_Skidmore_July_2017_%28cropped%29.jpg,deep autumn,warm,deep brown,natural dark brown,medium,#7a443a,#855c4c,#6e5039,#d9a566,#b76e54,#a7bddf,#92a8d1,#6b7b8c,#e1eaf4,#f0f8ff
134,Chriselle Lim,"Fashion stylist, blogger, and YouTube personality",Social Media Influencers/Content Creators,https://upload.wikimedia.org/wikipedia/commons/thumb/6/6a/Chriselle_Lim_in_2024.jpg/1280px-Chriselle_Lim_in_2024.jpg,deep autumn,warm,deep brown,natural dark brown,medium,#e8b4a8,#c89f94,#6a4e42,#99582a,#7a422e,#000000,#ffffff,#ffd700,#00ffff,#800080
135,Clark Gable,Iconic roles in 'Gone with the Wind' and other classics,Historical/Classic Hollywood Icons,https://upload.wikimedia.org/wikipedia/commons/3/3a/Clark_Gable_-_publicity.JPG,deep autumn,warm,deep brown,natural dark brown,medium,#6b4536,#855c4c,#9e7861,#c18e60,#d9a976,#a0a0a0,#ffffff,#fffafa,#000080,#800080
136,Emily Ratajkowski,"Modeling, acting, and writing",Models/Supermodels,https://upload.wikimedia.org/wikipedia/commons/9/97/Emily_Ratajkowski_at_Emmy_Awards_2016.jpg,deep autumn,warm,deep brown,natural dark brown,medium,#7a422e,#b56449,#d9825c,#8d4a30,#6a3e27,#93ccea,#c0e8d5,#ffccff,#ff99cc,#00cccc
137,Humphrey Bogart,Leading roles in classic film noir,Historical/Classic Hollywood Icons,https://upload.wikimedia.org/wikipedia/commons/8/84/Humphrey_Bogart_1940.jpg,deep autumn,warm,deep brown,natural dark brown,medium,#6b4536,#b07d62,#798053,#cabba2,#9f6e4f,#000000,#ffffff,#fffafa,#e6e6fa,#dda0dd
138,Hwasa,MAMAMOO,K-pop/Asian Celebrities,https://upload.wikimedia.org/wikipedia/commons/thumb/f/fd/Hwasa_in_February_2025.png/1280px-Hwasa_in_February_2025.png,deep autumn,warm,deep brown,natural dark brown,medium,#d2691e,#8b4513,#a0522d,#ff8c00,#b8860b,#c0c0c0,#00ffff,#0000ff,#000080,#ff00ff
139,Hwasa (Ahn Hye-jin),Member of MAMAMOO,K-pop/Asian Celebrities,https://upload.wikimedia.org/wikipedia/commons/thumb/f/fd/Hwasa_in_February_2025.png/1280px-Hwasa_in_February_2025.png,deep autumn,warm,deep brown,natural dark brown,medium,#6b4536,#804e36,#a66e4e,#cc7832,#d9a56e,#a8ccea,#92c1d9,#f0ead6,#fffff0,#e0ffff
140,Jackie Aina,"Beauty YouTuber, advocate for inclusivity in beauty",Social Media Influencers/Content Creators,https://upload.wikimedia.org/wikipedia/commons/a/aa/Jackie_Aina_2021_%283x4_cropped%29.png,deep autumn,warm,deep brown,natural dark brown,medium,#6a4a3c,#cc333f,#00a0b0,#eb6841,#edc951,#a8c0ff,#8b95c9,#92a8d1,#d6efff,#99b898
141,Jason Momoa,"Aquaman in DC movies, Game of Thrones",Hollywood Actors,https://upload.wikimedia.org/wikipedia/commons/thumb/2/22/Jason_Momoa_%2843055621224%29_%28cropped%29.jpg/1280px-Jason_Momoa_%2843055621224%29_%28cropped%29.jpg,deep autumn,warm,hazel with green and gold flecks,natural dark brown,medium,#6a4e42,#cc7722,#80461b,#7b3f00,#8b4513,#000000,#ffffff,#ffc0cb,#ff69b4,#00ffff
142,Judy Garland,Iconic role in 'The Wizard of Oz',Historical/Classic Hollywood Icons,https://upload.wikimedia.org/wikipedia/commons/thumb/d/d2/Judy_Garland_publicity_photo.png/1280px-Judy_Garland_publicity_photo.png,deep autumn,warm,deep brown,natural dark brown,medium,#6a4e42,#9c5642,#cc7722,#80461b,#8b4513,#0000ff,#00ffff,#000080,#800080,#ff00ff
143,Justin Trudeau,Prime Minister of Canada,Public Figures,https://upload.wikimedia.org/wikipedia/commons/3/32/Prime_Minister_Trudeau%27s_message_on_Christmas_2023_%280m29s%29_%28cropped%29.jpg,deep autumn,warm,"rich, deep brown with a warm glow",dark brown with warm undertones,medium,#6a4e42,#855c33,#9b7163,#c4875a,#d9825c,#a2a2d0,#69b3ff,#e8f1fd,#fffff0,#fffafa
144,Kanye West,"Hip-hop music, fashion designer",Musicians/Singers,https://upload.wikimedia.org/wikipedia/commons/thumb/5/5c/Kanye_West_at_the_2009_Tribeca_Film_Festival_%28crop_2%29.jpg/1280px-Kanye_West_at_the_2009_Tribeca_Film_Festival_%28crop_2%29.jpg,deep autumn,warm,deep brown,natural dark brown,medium,#7d4a38,#b76e79,#4f2f24,#d9a566,#c66d3f,#a29bfe,#f0e68c,#00ffff,#0000ff,#ffc0cb
145,Meghan Markle,Duchess of Sussex,Royal Family Members/Public Figures,https://upload.wikimedia.org/wikipedia/commons/thumb/9/9d/SXSW-2024-OB7A9986-alih-Meghan%2C_Duchess_of_Sussex_%28cropped%29.jpg/1200px-SXSW-2024-OB7A9986-alih-Meghan%2C_Duchess_of_Sussex_%28cropped%29.jpg,deep autumn,warm,deep brown,natural dark brown,medium,#6a4e42,#9b6a4f,#cc7722,#ffbf00,#9955bb,#89cff0,#0000ff,#778899,#c0c0c0,#ffc0cb
146,Michael B. Jordan,"Black Panther, Creed",Hollywood Actors,https://upload.wikimedia.org/wikipedia/commons/thumb/8/8e/Michael_B_Jordan_-_Sinners.jpg/1280px-Michael_B_Jordan_-_Sinners.jpg,deep autumn,warm,deep brown,natural dark brown,medium,#6b4536,#855c4c,#c17a60,#99582a,#da9547,#a0a0a0,#f0ead6,#dddddd,#e5e4e2,#9b95ff
147,Michelle Obama,Former First Lady of the United States,Public Figures,https://upload.wikimedia.org/wikipedia/commons/thumb/4/4b/Michelle_Obama_2013_official_portrait.jpg/1280px-Michelle_Obama_2013_official_portrait.jpg,deep autumn,warm,deep brown,natural dark brown,medium,#e8b4a8,#c89f94,#b07d62,#7a5230,#d98256,#000000,#ffffff,#ffb6c1,#ff69b4,#00ffff
148,Naomi Campbell,"Iconic supermodel, reality TV",Models/Supermodels,https://upload.wikimedia.org/wikipedia/commons/1/10/Naomi_Campbell_Cannes_2018.jpg,deep autumn,warm,deep brown,natural dark brown,medium,#6a4c31,#855c32,#bf9270,#d9a56c,#4f301f,#a8b6bf,#92a8d1,#f0ead6,#99badd,#c2e0f4
149,Naomi Osaka,Tennis,Athletes/Sports Figures,https://upload.wikimedia.org/wikipedia/commons/thumb/d/d6/NaomiOsaka-smile-2020_%28cropped_tight%29.png/1280px-NaomiOsaka-smile-2020_%28cropped_tight%29.png,deep autumn,warm,deep brown,natural dark brown,medium,#e8b4a8,#c89f94,#b07d62,#996633,#cc7722,#000000,#ffffff,#ffc0cb,#800080,#0000ff
150,Nyma Tang,"Beauty YouTuber, advocate for darker skin tones in beauty",Social Media Influencers/Content Creators,,deep autumn,warm,deep brown,natural dark brown,medium,#6a4a3c,#cc7722,#783f04,#7b4d3a,#80461b,#a2a2d0,#c0c0c0,#b6e5d8,#f0ead6,#99badd
151,Oprah Winfrey,The Oprah Winfrey Show,TV Personalities/Talk Show Hosts,https://upload.wikimedia.org/wikipedia/commons/thumb/e/e0/Oprah_Winfrey_2016.jpg/1108px-Oprah_Winfrey_2016.jpg,deep autumn,warm,deep brown,natural dark brown,medium,#6a4e42,#a05c17,#b76e79,#6b3e26,#8f3b1b,#a9a9a9,#fffff0,#000080,#e0ffff,#008080
152,Princess Eugenie of York,British Royal Family member,Royal Family Members/Public Figures,https://upload.wikimedia.org/wikipedia/commons/3/3e/Princess_Eugenie%2C_2017.jpg,deep autumn,warm,deep brown,natural dark brown,medium,#6a4c38,#9f6a4e,#cc7832,#c65d21,#7b4b2a,#000000,#ffffff,#a8baba,#89a3a4,#7698a9
153,Rihanna,"Music, Ocean's 8",Hollywood Actresses,https://upload.wikimedia.org/wikipedia/commons/c/c2/Rihanna_Fenty_2018.png,deep autumn,warm,deep brown,natural dark brown,medium,#6b3e26,#855c33,#9b6a4f,#c79f7b,#a67b5b,#0000ff,#00ffff,#ff00ff,#000000,#ffffff
154,SZA,R&B music,Musicians/Singers,https://upload.wikimedia.org/wikipedia/commons/thumb/f/f4/KendrickSZASPurs230725-19_-_54683179509_%28cropped%29_%28cropped%29.jpg/1280px-KendrickSZASPurs230725-19_-_54683179509_%28cropped%29_%28cropped%29.jpg,deep autumn,warm,deep brown,natural dark brown,medium,#7a422e,#6a513b,#805d36,#9b7168,#a7756d,#0000ff,#00ffff,#ff00ff,#800080,#008080
155,The Weeknd,R&B and pop music,Musicians/Singers,https://upload.wikimedia.org/wikipedia/commons/thumb/a/a0/The_Weeknd_Portrait_by_Brian_Ziff.jpg/1280px-The_Weeknd_Portrait_by_Brian_Ziff.jpg,deep autumn,warm,deep brown,natural dark brown,medium,#b65c44,#6b372d,#804e36,#9f754f,#cc7722,#c0c0c0,#0000ff,#00ffff,#000080,#800080
156,Usain Bolt,Sprinting,Athletes/Sports Figures,https://upload.wikimedia.org/wikipedia/commons/thumb/7/7d/25th_Laureus_World_Sports_Awards_-_Red_Carpet_-_Usain_Bolt_-_240422_190142_%28cropped%29.jpg/1280px-25th_Laureus_World_Sports_Awards_-_Red_Carpet_-_Usain_Bolt_-_240422_190142_%28cropped%29.jpg,deep autumn,warm,deep brown,natural dark brown,medium,#6a4e42,#805d38,#b67350,#d08c60,#7a3e3a,#000000,#ffffff,#00ffff,#0000ff,#ff00ff
157,Virat Kohli,Cricket,Athletes/Sports Figures,https://upload.wikimedia.org/wikipedia/commons/9/9b/Virat_Kohli_in_PMO_New_Delhi.jpg,deep autumn,warm,deep brown,natural dark brown,medium,#6a4e3f,#805d36,#995e36,#cc7722,#ff9966,#a9a9a9,#00ffff,#0000ff,#483d8b,#00008b
158,Wendy Williams,The Wendy Williams Show,TV Personalities/Talk Show Hosts,https://upload.wikimedia.org/wikipedia/commons/2/27/Wendy_Williams_WBLS_2022_%28cropped%29.png,deep autumn,warm,deep brown,natural dark brown,medium,#e8b4a8,#c89f94,#d2691e,#8b4513,#6b8e23,#000000,#ffffff,#ffc0cb,#00ffff,#0000ff
159,Zendaya,"Euphoria, Spider-Man movies",Hollywood Actresses,https://upload.wikimedia.org/wikipedia/commons/thumb/2/28/Zendaya_-_2019_by_Glenn_Francis.jpg/1280px-Zendaya_-_2019_by_Glenn_Francis.jpg,deep autumn,warm,deep brown,natural dark brown,medium,#7b4b3a,#805d38,#a56e45,#d0a98f,#5a3e36,#a8d8ea,#62b5e5,#8e8e8e,#d1d1d1,#f4f4f4
160,Adam Driver,Star Wars sequel trilogy,Hollywood Actors,https://upload.wikimedia.org/wikipedia/commons/thumb/8/84/Adam_Driver.jpg/1280px-Adam_Driver.jpg,deep winter,cool,intense dark brown,natural dark brown,high,#4a708b,#6e7b8b,#7171c6,#2f4f4f,#76eec6,#ffd700,#ffa07a,#ff6347,#ff4500,#ffdab9
161,Alek Wek,"Breaking barriers for African models, fashion design",Models/Supermodels,https://upload.wikimedia.org/wikipedia/commons/b/bc/Alek_Wek%2C_Red_Dress_Collection_2007.jpg,deep winter,cool,deep brown,natural dark brown,high,#005b96,#d6001c,#009b77,#4a4a4a,#5b5b5b,#f0c27b,#ffd700,#ffdbac,#c2b280,#996515
162,Bella Hadid,"High-fashion runway shows, high-profile endorsements",Models/Supermodels,https://upload.wikimedia.org/wikipedia/commons/9/92/Bella_Hadid_Cannes_2018_%28cropped%29_%28cropped%29.jpg,deep winter,cool,light blue-green with a grey undertone,natural dark brown,high,#0a0f0d,#005f69,#4b0082,#7a378b,#c71585,#f4c430,#ffd700,#ffa07a,#fa8072,#ff6347
163,Charlie Chaplin,Iconic roles in silent films,Historical/Classic Hollywood Icons,https://upload.wikimedia.org/wikipedia/commons/thumb/8/82/Charlie_Chaplin_portrait_Getty_1739411952.jpg/1280px-Charlie_Chaplin_portrait_Getty_1739411952.jpg,deep winter,cool,deep brown,natural dark brown,high,#0a0f0d,#2c3531,#003153,#1c1c1c,#005f6a,#f4c2c2,#fffdd0,#fad6a5,#ffdab9,#f0e68c
164,Chloe Morello,"Beauty YouTuber, social media personality",Social Media Influencers/Content Creators,,deep winter,cool,deep brown,natural dark brown,high,#004b8d,#005c73,#6b3e26,#ffd700,#4a646c,#ffa07a,#faebd7,#f5deb3,#ffdab9,#ffe4e1
165,Cristiano Ronaldo,Football,Athletes/Sports Figures,https://upload.wikimedia.org/wikipedia/commons/thumb/6/67/Cristiano_Ronaldo_2275_%28cropped%29.jpg/1280px-Cristiano_Ronaldo_2275_%28cropped%29.jpg,deep winter,cool,hazel with flecks of gold and green,natural dark brown,high,#004b8d,#5a000f,#260133,#005f56,#5d2555,#ffd700,#b5651d,#ffa07a,#ffe4b5,#fa8072
166,Elizabeth Taylor,Striking violet eyes and dramatic film roles,Historical/Classic Hollywood Icons,https://upload.wikimedia.org/wikipedia/commons/thumb/8/8e/Taylor%2C_Elizabeth_posed.jpg/1255px-Taylor%2C_Elizabeth_posed.jpg,deep winter,cool,"deep violet with flecks of gray, creating a unique and striking appearance",black,high,#0a0f0d,#2c3539,#27504b,#5c798d,#35283e,#f4c2c2,#ffddca,#fff0e1,#f0ead6,#fffff0
167,Frank Sinatra,Singing career and roles in classic Hollywood films,Historical/Classic Hollywood Icons,https://upload.wikimedia.org/wikipedia/commons/thumb/e/e3/Frank_Sinatra_%281957_studio_portrait_close-up%29.jpg/1212px-Frank_Sinatra_%281957_studio_portrait_close-up%29.jpg,deep winter,cool,blue,black,high,#114b5f,#456990,#f45b69,#6b2737,#2e0014,#a67b5b,#ffd1aa,#ffa07a,#8b4513,#deb887
168,Giannis Antetokounmpo,Basketball,Athletes/Sports Figures,https://upload.wikimedia.org/wikipedia/commons/thumb/9/9c/Giannis_Antetokounmpo_%2851915153421%29_%28cropped%29.jpg/1280px-Giannis_Antetokounmpo_%2851915153421%29_%28cropped%29.jpg,deep winter,cool,dark brown with a cool undertone,black,high,#005b96,#346cb0,#d6001c,#e4007c,#990000,#ffd700,#ffa07a,#ff6347,#ff4500,#ffdab9
169,Grace Jones,"Modeling, acting, and singing",Historical/Classic Hollywood Icons,https://upload.wikimedia.org/wikipedia/commons/e/e6/GraceJonesCPBowl260724_%2824_of_129%29_%2853885124610%29_%28cropped%29.jpg,deep winter,cool,dark brown with a cool undertone,jet black,high,#0a0f0d,#2c3539,#6d7978,#b22222,#7b3f00,#ffd700,#ffa07a,#ff6347,#fa8072,#f08080
170,Idris Elba,"Luther, The Wire",Hollywood Actors,https://upload.wikimedia.org/wikipedia/commons/thumb/3/3a/Idris_Elba_A_House_of_Dynamite-21_%28cropped%29.jpg/1280px-Idris_Elba_A_House_of_Dynamite-21_%28cropped%29.jpg,deep winter,cool,dark brown with a cool undertone,black,high,#0a0f0d,#005f83,#4b0082,#ff6347,#800020,#ffd700,#ffa07a,#fa8072,#f4a460,#ffdead
171,Jimmy Kimmel,Jimmy Kimmel Live!,TV Personalities/Talk Show Hosts,https://upload.wikimedia.org/wikipedia/commons/3/37/Jimmy_Kimmel_June_2022.jpg,deep winter,cool,deep brown,natural dark brown,high,#4a708b,#6a5acd,#4682b4,#0a4958,#5f9ea0,#ffd700,#ff6347,#ffa07a,#fa8072,#f08080
172,Jisoo (Kim Ji-soo),Member of BLACKPINK,K-pop/Asian Celebrities,https://upload.wikimedia.org/wikipedia/commons/thumb/f/fd/Jisoo_of_Blackpink_at_a_Dior_event%2C_April_18%2C_2025_%283%29.png/1280px-Jisoo_of_Blackpink_at_a_Dior_event%2C_April_18%2C_2025_%283%29.png,deep winter,cool,"dark brown, almost black",natural dark brown,high,#0a0f59,#005f73,#2a0944,#3b1f2b,#9b2226,#f4d03f,#f0b27a,#85c1e9,#76d7c4,#f7dc6f
173,Kamala Harris,Vice President of the United States,Public Figures,https://upload.wikimedia.org/wikipedia/commons/thumb/4/41/Kamala_Harris_Vice_Presidential_Portrait.jpg/1280px-Kamala_Harris_Vice_Presidential_Portrait.jpg,deep winter,cool,deep brown,natural dark brown,high,#004b8d,#4a0f6c,#134f5c,#5f9ea0,#ff6347,#ffd700,#ffa07a,#ff6347,#fa8072,#f08080
174,Kendall Jenner,"Reality TV star, high-fashion modeling",Models/Supermodels,https://upload.wikimedia.org/wikipedia/commons/2/2d/Kendall_Jenner_for_Stuart_Weitzman_in_2019.jpg,deep winter,cool,dark brown with a cool undertone,natural dark brown,high,#005b96,#4a235a,#154360,#1f618d,#641e16,#f7dc6f,#f8c471,#f0b27a,#e59866,#d7dbdd
175,Kim Kardashian,"Reality TV, Skims",Fashion Designers/Style Icons,https://upload.wikimedia.org/wikipedia/commons/thumb/d/df/Kim_Kardashian_West_2014.jpg/1280px-Kim_Kardashian_West_2014.jpg,deep winter,cool,deep brown,natural dark brown,high,#0a0f0d,#115740,#5a1a29,#6b2a5e,#1c1c1c,#f4c2c2,#fffdd0,#ffd700,#ffbf00,#ff6347
176,LeBron James,Basketball,Athletes/Sports Figures,https://upload.wikimedia.org/wikipedia/commons/thumb/7/7a/LeBron_James_%2851959977144%29_%28cropped2%29.jpg/1197px-LeBron_James_%2851959977144%29_%28cropped2%29.jpg,deep winter,cool,deep dark brown,natural black,high,#005293,#009b77,#d6001c,#260026,#5a5b9f,#ffd700,#ffa07a,#ff6347,#f4a460,#ffc0cb
177,Lisa (Lalisa Manoban),Member of BLACKPINK,K-pop/Asian Celebrities,https://upload.wikimedia.org/wikipedia/commons/a/ae/20240314_Lisa_Manoban_07.jpg,deep winter,cool,dark brown,black,high,#0a0f0d,#2c3539,#5b6870,#7f8b93,#274256,#f4c2c2,#ffdab9,#faebd7,#f5f5dc,#fff8dc
178,Lupita Nyong'o,"12 Years a Slave, Black Panther",Hollywood Actresses,https://upload.wikimedia.org/wikipedia/commons/thumb/4/4c/Lupita_Nyong%27o_by_Gage_Skidmore_4.jpg/1280px-Lupita_Nyong%27o_by_Gage_Skidmore_4.jpg,deep winter,cool,"dark brown, almost black","natural dark brown, almost black",high,#0a0f59,#005f6a,#00563f,#6a198d,#a20056,#a67b5b,#f4c2c2,#fff5ee,#faebd7,#f5f5dc
179,Olivier Rousteing,Balmain,Fashion Designers/Style Icons,https://upload.wikimedia.org/wikipedia/commons/1/1e/Olivier_Rousteing.jpg,deep winter,cool,deep brown,natural dark brown,high,#005b96,#4a638d,#762a83,#9b1b30,#4e3629,#f4c2c2,#fff5ee,#ffdab9,#faebd7,#f5f5dc
180,Patricia Bright,Beauty and fashion YouTuber,Social Media Influencers/Content Creators,,deep winter,cool,deep brown,natural dark brown,high,#0a4958,#005b9a,#6a207f,#850726,#4b0082,#f4c430,#ffd700,#ffa07a,#fa8072,#ff6347
181,Prince Harry,Duke of Sussex,Royal Family Members/Public Figures,https://upload.wikimedia.org/wikipedia/commons/thumb/3/33/Prince_Harry_launching_the_2020_Invictus_Games_%28cropped%29.jpg/1039px-Prince_Harry_launching_the_2020_Invictus_Games_%28cropped%29.jpg,deep winter,cool,blue with a grey ring around the iris,natural red,medium,#005b96,#4b0082,#34262f,#6b3e26,#ffd700,#ffa07a,#fa8072,#f08080,#e9967a,#ffdab9
182,RuPaul,RuPaul's Drag Race,TV Personalities/Talk Show Hosts,https://upload.wikimedia.org/wikipedia/commons/3/3d/2019_California_Hall_of_Fame_Ceremony_01_%28cropped2%29.jpg,deep winter,cool,deep brown,natural dark brown,high,#005aab,#d60032,#009b77,#6b3e26,#ffd700,#f4c2c2,#fffdd0,#faf0be,#ffdab9,#e97451
183,Sasha Banks,WWE,Athletes/Sports Figures,,deep winter,cool,deep brown with slight cooler undertones,"natural dark brown, often dyed in vibrant colors",high,#005b96,#013a6b,#4a4b4d,#5a306b,#d60034,#a67b5b,#d2b48c,#ffdab9,#f4c2c2,#fff5ee
184,Sooyoung,Girls' Generation,K-pop/Asian Celebrities,,deep winter,cool,"dark brown with hints of charcoal, giving depth",natural dark brown,high,#0a0f59,#4d1434,#005b5b,#4b0082,#ff6347,#ffff00,#ffd700,#ffa07a,#f08080,#fa8072
185,Suga (Min Yoon-gi),Member of BTS,K-pop/Asian Celebrities,,deep winter,cool,dark brown,black,high,#005b96,#d32f2f,#512da8,#00796b,#c2185b,#ffcc99,#fff0b3,#ffd700,#f4c2c2,#996515
186,Viola Davis,"How to Get Away with Murder, The Help",Hollywood Actresses,https://upload.wikimedia.org/wikipedia/commons/b/bb/Viola_Davis_at_the_Air_Premiere_at_SXSW_%28cropped%29.jpg,deep winter,cool,deep dark brown,"natural dark brown, almost black",high,#005b96,#4a235a,#154360,#1f618d,#641e16,#f5b7b1,#fad7a0,#fdebd0,#d2b4de,#a9cce3
187,Virgil Abloh,"Off-White, Louis Vuitton",Fashion Designers/Style Icons,https://upload.wikimedia.org/wikipedia/commons/thumb/3/31/Virgil_Abloh_Paris_Fashion_Week_Autumn_Winter_2019_%28cropped%29.jpg/1280px-Virgil_Abloh_Paris_Fashion_Week_Autumn_Winter_2019_%28cropped%29.jpg,deep winter,cool,deep brown,natural dark brown,high,#0a0f0d,#123456,#133337,#145362,#1d2951,#fff5ee,#ffdab9,#faebd7,#f5deb3,#ffe4e1
188,Whoopi Goldberg,The View,TV Personalities/Talk Show Hosts,https://upload.wikimedia.org/wikipedia/commons/thumb/5/50/Whoopi_Goldberg_Springsteen-71_%28cropped%29.jpg/1280px-Whoopi_Goldberg_Springsteen-71_%28cropped%29.jpg,deep winter,cool,deep brown,natural dark brown,high,#005b96,#4c1c24,#252525,#6d3b47,#113f8c,#ffd700,#ffa07a,#ff6347,#ffc0cb,#fffacd
189,Zayn Malik,"Pop music, former One Direction member",Musicians/Singers,https://upload.wikimedia.org/wikipedia/commons/thumb/1/10/Zayn_Wiki_%28cropped%29.jpg/1063px-Zayn_Wiki_%28cropped%29.jpg,deep winter,cool,light brown with flecks of amber,black,high,#0a475d,#4a203b,#2e223f,#345857,#6a737d,#f4c2c2,#fff5ee,#ffdab9,#f0e68c,#ffdb58
190,Catherine Deneuve,Iconic French actress and style set,Public Figures,https://upload.wikimedia.org/wikipedia/commons/thumb/c/ce/Catherine_Deneuve_Berlinale_2017.jpg/1280px-Catherine_Deneuve_Berlinale_2017.jpg,light spring,warm,green with flecks of gold,light golden blonde,low,#f4c2c2,#fadadd,#fff5ee,#faebd7,#f0e68c,#000000,#1c1c1c,#083563,#4b0082,#800020
191,Cha Eun-woo,Member of ASTRO,K-pop/Asian Celebrities,https://upload.wikimedia.org/wikipedia/commons/5/56/20250310_Cha_Eunwoo_%EC%B0%A8%EC%9D%80%EC%9A%B0_01_%28cropped%29.jpg,light spring,warm,deep brown,natural dark brown,medium,#fadadd,#f4c2c2,#fffacd,#ffdab9,#ffe5b4,#000000,#1a1a1a,#ffffff,#7f0000,#004225
192,Chiara Ferragni,Fashion blogging and influencing,Social Media Influencers/Content Creators,https://upload.wikimedia.org/wikipedia/commons/thumb/4/4d/Goyas_2025_-_Chiara_Ferragni_%28cropped%29.jpg/1280px-Goyas_2025_-_Chiara_Ferragni_%28cropped%29.jpg,light spring,warm,light blue with a hint of grey,natural dark blonde,low,#f4c2c2,#faead3,#fff0db,#d1e2c4,#bee1ea,#000000,#1c1c1c,#093145,#352641,#5c0120
193,Conan O'Brien,Conan,TV Personalities/Talk Show Hosts,https://upload.wikimedia.org/wikipedia/commons/thumb/c/c5/Conan_O%27Brien_at_the_2025_Sundance_Film_Festival_03_%28cropped%29.jpg/1280px-Conan_O%27Brien_at_the_2025_Sundance_Film_Festival_03_%28cropped%29.jpg,light spring,warm,"blue with a soft, gray undertone",natural dark brown,low,#f4c2c2,#fff5ba,#ffd1dc,#d1e2be,#fad1a5,#000000,#183a54,#76232f,#5d3954,#343837
194,Debbie Reynolds,Roles in musicals and dramas in the 1950s and 1960s,Historical/Classic Hollywood Icons,https://upload.wikimedia.org/wikipedia/commons/0/0f/Debbie_Reynolds_6_Allan_Warren.jpg,light spring,warm,warm hazel with flecks of green,light chestnut brown,low,#fadadd,#ffd1aa,#f4c2c2,#fff5ba,#d1e231,#22313f,#000080,#330033,#7f462c,#5c3317
195,G-Dragon,BIGBANG,K-pop/Asian Celebrities,https://upload.wikimedia.org/wikipedia/commons/d/d1/G-Dragon_in_February_2025.png,light spring,warm,deep brown,natural dark brown,medium,#e8b4a8,#c89f94,#f4e3c3,#fad1a5,#d9a882,#000000,#ffffff,#1a1a1a,#0d0d0d,#fffafa
196,G-Dragon (Kwon Ji-yong),Member of BIGBANG,K-pop/Asian Celebrities,https://upload.wikimedia.org/wikipedia/commons/d/d1/G-Dragon_in_February_2025.png,light spring,warm,deep brown,natural dark brown,medium,#fadadd,#f4c2c2,#fff5ee,#faebd7,#eedfcc,#000000,#ffffff,#1a1a1a,#094067,#5f0f40
197,Jean Harlow,Popularizing the 'blonde bombshell' persona,Historical/Classic Hollywood Icons,https://upload.wikimedia.org/wikipedia/commons/f/f6/Harlow-publicity.jpg,light spring,warm,light blue,platinum blonde,low,#f4c2c2,#fff4e1,#faead3,#ead1dc,#d6aedd,#22313f,#010203,#67000d,#34000a,#7f1734
198,Jimin (Park Ji-min),Member of BTS,K-pop/Asian Celebrities,,light spring,warm,deep brown,natural dark brown,medium,#fadadd,#f4c2c2,#ffddca,#fff5ee,#fad1a5,#000000,#010b13,#250a12,#5b3954,#3a243b
199,Justin Bieber,Pop music,Musicians/Singers,https://upload.wikimedia.org/wikipedia/commons/d/da/Justin_Bieber_in_2015.jpg,light spring,warm,light hazel with flecks of gold,natural dark blonde,low,#e8b4a8,#fadadd,#d1c0b1,#f6e2c2,#b1d7b4,#000000,#1c1c1c,#ffffff,#093a3e,#7f001f
200,Lisa Eldridge,"Professional makeup artist, author, and YouTuber",Social Media Influencers/Content Creators,,light spring,warm,hazel with flecks of green and gold,natural dark blonde,low,#e8b4a8,#c89f94,#f4c2c2,#fff5ba,#fadadd,#000000,#ffffff,#1a1a1a,#252525,#7f0000
201,Mae West,Vaudeville and film actress known for her wit,Historical/Classic Hollywood Icons,https://upload.wikimedia.org/wikipedia/commons/f/fd/Mae_West_LAT.jpg,light spring,warm,light hazel with flecks of green,platinum blonde,low,#fadadd,#ffd1aa,#f4c2c2,#fff5ee,#faead3,#000000,#1c1c1c,#082567,#4c0042,#08457e
202,Miley Cyrus,"Pop music, actress",Musicians/Singers,https://upload.wikimedia.org/wikipedia/commons/thumb/5/52/Miley_Cyrus_Primavera19_-226_%2848986293772%29_%28cropped%29.jpg/1083px-Miley_Cyrus_Primavera19_-226_%2848986293772%29_%28cropped%29.jpg,light spring,warm,light blue with hints of green,natural dark blonde,low,#f4c2c2,#fae3d9,#fadadd,#fff5ba,#f6e3a6,#000000,#1c1c1c,#ffffff,#094d92,#013220
203,Miranda Kerr,"Victoria's Secret Angel, skincare line",Models/Supermodels,https://upload.wikimedia.org/wikipedia/commons/thumb/c/ca/Miranda_Kerr_-_Abbot_Kinney_2025.jpg/1280px-Miranda_Kerr_-_Abbot_Kinney_2025.jpg,light spring,warm,light blue with a hint of green,natural dark blonde,low,#f4c2c2,#fff5ba,#ffd1aa,#fae3d9,#b1e2c1,#000000,#1c1c1c,#583d3e,#352641,#274257
204,Princess Charlotte,British Royal Family member,Royal Family Members/Public Figures,,light spring,warm,green with flecks of gold,light brown with natural highlights,low,#f4c2c2,#fff5ba,#fadadd,#ffd1dc,#d1e2d2,#000000,#1c1c1c,#092256,#7f462c,#4c2f27
205,Queen Elizabeth II,Queen of the United Kingdom,Royal Family Members/Public Figures,https://upload.wikimedia.org/wikipedia/commons/1/11/Queen_Elizabeth_II_official_portrait_for_1959_tour_%28retouched%29_%28cropped%29_%283-to-4_aspect_ratio%29.jpg,light spring,warm,"blue-grey with a soft, gentle depth","light grey, originally a dark blonde",low,#f4c2c2,#fff5ba,#fadadd,#ffd1dc,#d1bdba,#000000,#1c1c1c,#08457e,#004225,#560319
206,RachhLoves,Makeup tutorials and product reviews,Social Media Influencers/Content Creators,,light spring,warm,light hazel with flecks of green,natural dark blonde,low,#f4c2c2,#fff5ba,#fadadd,#d1e2d2,#ffd1dc,#000000,#1c1c1c,#583d3e,#7f4e52,#005a3c
207,Reese Witherspoon,"Legally Blonde, Big Little Lies",Hollywood Actresses,https://upload.wikimedia.org/wikipedia/commons/thumb/8/85/Reese_Witherspoon_at_TIFF_2014.jpg/1280px-Reese_Witherspoon_at_TIFF_2014.jpg,light spring,warm,blue,blonde,low,#f4c2c2,#fff5ba,#d6a692,#fae8d3,#f6bfbc,#000000,#1c1c1c,#092d63,#7f001f,#084c9e
208,Roger Federer,Tennis,Athletes/Sports Figures,https://upload.wikimedia.org/wikipedia/commons/thumb/1/11/Roger_Federer_2015_%28cropped%29.jpg/1280px-Roger_Federer_2015_%28cropped%29.jpg,light spring,warm,light brown with flecks of gold,natural dark blond,low,#fadadd,#f4c2c2,#fff5ba,#fbceb1,#fae7b5,#000000,#1c1c1c,#08457e,#004b49,#32127a
209,Ryan Gosling,"La La Land, Drive",Hollywood Actors,https://upload.wikimedia.org/wikipedia/commons/6/62/GoslingBFI081223_%2822_of_30%29_%2853388157347%29_%28cropped%29.jpg,light spring,warm,blue with hints of green,natural blond,low,#f4c2c2,#fff5ba,#d1e2be,#bee1e6,#c9a798,#000000,#183a37,#702963,#4c1c24,#034f84
210,Sarah Jessica Parker,"Acting, fashion icon",Fashion Designers/Style Icons,https://upload.wikimedia.org/wikipedia/commons/thumb/4/4a/Sarah_Jessica_Parker_2022.jpg/1059px-Sarah_Jessica_Parker_2022.jpg,light spring,warm,green with golden flecks,natural dark blonde,low,#ead2ac,#f4c2c2,#faf0e6,#fff5ee,#d1e231,#000000,#1c1c1c,#00416a,#013220,#4b0082
211,Shaun White,Snowboarding,Athletes/Sports Figures,https://upload.wikimedia.org/wikipedia/commons/d/de/Shaun_White_in_2018_181222-D-PB383-014_%2846423162561%29_%28cropped%29.jpg,light spring,warm,light hazel with green and brown tones,natural auburn,low,#e8b4a8,#f4c2a5,#fad2ae,#d9a882,#a67b5b,#000000,#1a1a1a,#ffffff,#093a3e,#3d0c02
212,Tanya Burr,"Beauty, fashion blogger, and YouTuber",Social Media Influencers/Content Creators,https://upload.wikimedia.org/wikipedia/commons/9/9a/Tanya_Burr_2020.png,light spring,warm,hazel with flecks of green and gold,light brown with golden highlights,low,#f4c2c2,#d9ad7c,#fff5ba,#fadadd,#ead1dc,#252525,#000000,#7f1d1d,#083d77,#004225
213,Taylor Swift,Pop and country music,Musicians/Singers,https://upload.wikimedia.org/wikipedia/commons/thumb/b/b1/Taylor_Swift_at_the_2023_MTV_Video_Music_Awards_%283%29.png/1280px-Taylor_Swift_at_the_2023_MTV_Video_Music_Awards_%283%29.png,light spring,warm,blue with a hint of green and a light grey rim,natural dirty blonde,low,#f4c2c2,#faf0e6,#fff5ee,#ffdab9,#ffefd5,#010101,#423937,#284942,#5d3954,#3c1414
214,Tom Holland,Spider-Man in Marvel movies,Hollywood Actors,https://upload.wikimedia.org/wikipedia/commons/thumb/5/58/Tom_Holland_during_pro-am_Wentworth_golf_club_2023-2.jpg/1280px-Tom_Holland_during_pro-am_Wentworth_golf_club_2023-2.jpg,light spring,warm,deep brown,natural dark brown,medium,#f4c2a0,#d7a98c,#ead3bf,#fad2a5,#c9b180,#000000,#ffffff,#123456,#654321,#ff00ff
215,Yuna,ITZY,K-pop/Asian Celebrities,,light spring,warm,deep brown,natural dark brown,medium,#f4c2c2,#faf0e6,#fff5ee,#ffe4e1,#fadadd,#000000,#1c1c1c,#082567,#4b0082,#800000
216,Alicia Vikander,"Ex Machina, Tomb Raider",Hollywood Actresses,https://upload.wikimedia.org/wikipedia/commons/thumb/2/2d/Alicia_Vikander-7756.jpg/1280px-Alicia_Vikander-7756.jpg,light summer,cool,deep brown,natural dark brown,low,#b6c4be,#d6e2e7,#b4c7d9,#afc0d5,#f4e1e1,#000000,#ffffff,#ffd700,#ff8c00,#8b0000
217,Chelsea Handler,Chelsea Lately,TV Personalities/Talk Show Hosts,https://upload.wikimedia.org/wikipedia/commons/thumb/a/ac/Sec._John_King_and_Chelsea_Handler_%28cropped%29.jpg/1280px-Sec._John_King_and_Chelsea_Handler_%28cropped%29.jpg,light summer,cool,blue with gray flecks,blonde with soft ash undertones,low,#b4c6d8,#d9b3c5,#a7acc6,#c2e4e8,#e8d6cb,#000000,#7b113a,#084b83,#ff4500,#762f07
218,Ellen DeGeneres,The Ellen DeGeneres Show,TV Personalities/Talk Show Hosts,https://upload.wikimedia.org/wikipedia/commons/thumb/6/62/Ellen_DeGeneres-2009-enh5.jpg/1280px-Ellen_DeGeneres-2009-enh5.jpg,light summer,cool,"blue with a soft, greyish tone",blonde with ash tones,low,#b4c7d9,#a4b8c4,#99a3ae,#cdd1d3,#f4e8e1,#08182b,#ff2400,#7c0a02,#034f04,#ffd700
219,Grace Kelly,Hollywood glamour and becoming Princess Grace of Monaco,Historical/Classic Hollywood Icons,https://upload.wikimedia.org/wikipedia/commons/c/cb/Grace_Kelly30419.jpg,light summer,cool,light blue,golden blonde,low,#b4c7d9,#a8b1d3,#cfd3e7,#d6e2e9,#f4e8e1,#080200,#ff0000,#7a1d02,#ffa500,#800080
220,Ingrid Nilsen,"Beauty, fashion, and lifestyle blogger",Social Media Influencers/Content Creators,https://upload.wikimedia.org/wikipedia/commons/thumb/e/e2/Ingrid_Nilsen_VidCon_2014_01_%28cropped%29.jpg/1280px-Ingrid_Nilsen_VidCon_2014_01_%28cropped%29.jpg,light summer,cool,light brown with flecks of green,light brown with subtle blonde highlights,low,#bfb4ac,#a7acc9,#99c1d9,#b1c2cb,#d5a6bd,#221b15,#ff0000,#00ff00,#0000ff,#884d00
221,IU (Lee Ji-eun),"Solo artist, actress",K-pop/Asian Celebrities,,light summer,cool,"dark brown with some lighter flecks near the iris, adding a bit of softness and dimension to her overall look.",natural dark brown,low,#b6c4cb,#d6e2e9,#99a3a4,#a7acc0,#c8afa7,#000000,#7a1f22,#083d77,#ff4500,#e34234
222,Karlie Kloss,"Runway shows, entrepreneurship",Models/Supermodels,https://upload.wikimedia.org/wikipedia/commons/thumb/6/6a/Karlie_Kloss_%2847541292642%29_%28cropped%29_%28cropped%29.jpg/1280px-Karlie_Kloss_%2847541292642%29_%28cropped%29_%28cropped%29.jpg,light summer,cool,light blue with hints of gray,dirty blonde,low,#d6e2e9,#b4cdda,#a8bdd5,#c1c6db,#ead1dc,#000000,#183a37,#ff8c00,#7b3f00,#ff6347
223,Kate Moss,"Iconic supermodel, fashion design",Models/Supermodels,https://upload.wikimedia.org/wikipedia/commons/b/bc/Kate_Moss_-_Decort%C3%A9_advertisement_%28cropped2%29.jpg,light summer,cool,hazel with flecks of green and brown,light brown with natural blonde highlights,low,#b4c7d9,#a8c0d4,#d9e2e6,#99a3ae,#cfd8dc,#000000,#7b1f00,#ff4500,#013220,#420303
224,Katharine Hepburn,"Strong, independent roles in cinema",Historical/Classic Hollywood Icons,https://upload.wikimedia.org/wikipedia/commons/thumb/8/89/Katharine_Hepburn_publicity_photograph.jpg/1280px-Katharine_Hepburn_publicity_photograph.jpg,light summer,cool,hazel with flecks of green and brown,natural light brown with auburn highlights,low,#b4c7d9,#a4bcc6,#99a9b7,#f4e2e7,#d9cfd6,#000000,#7b113a,#084b83,#ff4500,#800000
225,Lindsey Vonn,Alpine Ski Racing,Athletes/Sports Figures,https://upload.wikimedia.org/wikipedia/commons/thumb/a/a5/25th_Laureus_World_Sports_Awards_-_Red_Carpet_-_Lindsey_Vonn_-_240422_181204_%28cropped%29.jpg/1280px-25th_Laureus_World_Sports_Awards_-_Red_Carpet_-_Lindsey_Vonn_-_240422_181204_%28cropped%29.jpg,light summer,cool,hazel with green and brown flecks,blonde,low,#b4c6d8,#a4b8c4,#99a3b2,#d1c4dd,#c9b6d5,#000000,#7b113a,#08457e,#ff6900,#653700
226,Mark Tuan,GOT7,K-pop/Asian Celebrities,https://upload.wikimedia.org/wikipedia/commons/0/03/Mark_Tuan_on_Choi_Hwajung%27s_Power_Time_Radio%2C_28_April_2020_02.jpg,light summer,cool,deep brown,natural dark brown,low,#e8b4a8,#c89f94,#aec6cf,#77dd77,#cdb5cd,#000000,#ffffff,#ff6347,#800000,#008080
227,Natalie Portman,"Black Swan, Marvel movies",Hollywood Actresses,https://upload.wikimedia.org/wikipedia/commons/5/53/Natalie_Portman_2023.jpg,light summer,cool,hazel with green and brown flecks,natural dark brown,low,#b4c8d8,#a2b2c3,#99a8b2,#c1dad6,#afccc9,#000000,#ffffff,#ff6347,#800000,#008000
228,Nikkie de Jager,"Beauty vlogger, makeup artist",Social Media Influencers/Content Creators,https://upload.wikimedia.org/wikipedia/commons/6/60/NikkiedeJager2020-2.jpg,light summer,cool,light blue with a greyish undertone,blonde,low,#b6c4be,#a8b6d3,#cfd8dd,#d6bfd4,#e8cfc9,#08182b,#7a1d02,#ffd700,#00ff00,#ff6347
229,Princess Alexandra of Luxembourg,Princess of Luxembourg,Royal Family Members/Public Figures,https://upload.wikimedia.org/wikipedia/commons/6/6b/Prince_Alexandra_of_Luxembourg_2025_%28cropped%29.jpg,light summer,cool,light blue with gray undertones,light brown with natural blonde highlights,low,#b4c7d9,#d6e2e7,#a8bdd4,#f4edee,#c5afc0,#08182b,#ff6900,#e3170a,#9b1b20,#007233
230,Rosé,BLACKPINK,K-pop/Asian Celebrities,https://upload.wikimedia.org/wikipedia/commons/thumb/f/f8/Ros%C3%A9_wine_-_July_2023_-_Sarah_Stierch_01-cropped.jpg/1280px-Ros%C3%A9_wine_-_July_2023_-_Sarah_Stierch_01-cropped.jpg,light summer,cool,light brown with soft gray undertones,ash blonde,low,#b4c7d9,#a8d0e6,#f4e1e1,#d6e2e9,#c6e2ea,#000000,#7b3f00,#ff4500,#8b0000,#ffff00
231,Sam Smith,Pop and soul music,Musicians/Singers,https://upload.wikimedia.org/wikipedia/commons/thumb/f/f1/SamSmith-byPhilipRomano.jpg/1280px-SamSmith-byPhilipRomano.jpg,light summer,cool,deep brown,natural dark brown,medium,#b6cfd7,#a8b6bf,#99a3a4,#c8c3c0,#d9cabd,#000000,#ffffff,#ff6347,#800000,#008000
232,Scarlett Johansson,Black Widow in Marvel movies,Hollywood Actresses,https://upload.wikimedia.org/wikipedia/commons/thumb/a/ad/Scarlett_Johansson-8588.jpg/1280px-Scarlett_Johansson-8588.jpg,light summer,cool,green with flecks of gold and brown,dirty blonde,low,#b4c7d9,#a8dad4,#f4e1e6,#d9afd9,#6d929b,#000000,#ff6347,#800000,#008080,#ffd700
233,Sophie Turner,"Game of Thrones, X-Men films",Hollywood Actresses,https://upload.wikimedia.org/wikipedia/commons/thumb/4/45/Sophie_Turner_%2840553144273%29_%28cropped%29.jpg/1280px-Sophie_Turner_%2840553144273%29_%28cropped%29.jpg,light summer,cool,green with light flecks,strawberry blonde,low,#b4c6ce,#c5b9b7,#d1d8dc,#a8a7a7,#99c1b9,#000000,#8b4513,#ff4500,#800000,#008000
234,"Sophie, Countess of Wessex",Countess of Wessex,Royal Family Members/Public Figures,https://upload.wikimedia.org/wikipedia/commons/thumb/f/f0/2025-03-11_Sophie%2C_Duchess_of_Edinburgh-46_%28cropped%29.jpg/1280px-2025-03-11_Sophie%2C_Duchess_of_Edinburgh-46_%28cropped%29.jpg,light summer,cool,soft blue,light ash blonde,low,#b4c7d9,#afcab8,#f4e1e1,#99c1d9,#f7cfd6,#000000,#7a1f1f,#ffd700,#ff8c00,#0a0a0a
235,Stella McCartney,Fashion design,Fashion Designers/Style Icons,https://upload.wikimedia.org/wikipedia/commons/0/08/Stella_McCartney_2014_%28cropped%29.jpg,light summer,cool,light blue with grey undertones,light brown with blonde highlights,low,#b4c7d9,#a8b1d4,#99a9bf,#d9cfe5,#e1d7cd,#000000,#7b1f02,#083d77,#ff4d00,#e63900
236,Taeyeon (Kim Tae-yeon),Member of Girls' Generation,K-pop/Asian Celebrities,https://upload.wikimedia.org/wikipedia/commons/thumb/8/80/250307_Taeyeon_%40_-The_Tense-_in_Seoul_Day_1_%2854371295597%29_%28cropped%29.jpg/1280px-250307_Taeyeon_%40_-The_Tense-_in_Seoul_Day_1_%2854371295597%29_%28cropped%29.jpg,light summer,cool,"dark brown with flecks of lighter brown near the iris, adding depth",natural dark brown,low,#b4c7d9,#a8b0d4,#99b4be,#cfd8dd,#e6e2d3,#000000,#ffd700,#8b4513,#ff6347,#800000
237,Taylor Hill,"High-profile modeling, Victoria's Secret Angel",Models/Supermodels,,light summer,cool,hazel with green and brown flecks,natural dark brown,low,#b4c7d9,#d9afab,#a8b6bf,#f4e1e1,#bfb4c6,#000000,#ff6347,#8b0000,#800080,#008000
238,YoonA (Im Yoon-ah),Member of Girls' Generation,K-pop/Asian Celebrities,https://upload.wikimedia.org/wikipedia/commons/thumb/5/5b/YoonA_at_Sulwhasoo_event_in_April_2025_01.jpg/1280px-YoonA_at_Sulwhasoo_event_in_April_2025_01.jpg,light summer,cool,light brown with hints of gray,natural dark brown,low,#b6c4be,#a7acc9,#99b4d1,#c1c6db,#d1b3c4,#000000,#ff6347,#800000,#008000,#ffd700
239,Bianca Andreescu,Tennis,Athletes/Sports Figures,https://upload.wikimedia.org/wikipedia/commons/thumb/d/df/Bianca_Andreescu_%282023_DC_Open%29_04_%28cropped%29.jpg/1256px-Bianca_Andreescu_%282023_DC_Open%29_04_%28cropped%29.jpg,soft autumn,warm,deep brown,natural dark brown,medium,#e8b4a8,#c89f94,#9e7866,#baa58b,#d0c4b1,#000000,#ffffff,#ff00ff,#00ffff,#800080
240,Bill Maher,Real Time with Bill Maher,TV Personalities/Talk Show Hosts,https://upload.wikimedia.org/wikipedia/commons/thumb/4/44/BillMaherSept10.jpg/1280px-BillMaherSept10.jpg,soft autumn,warm,deep brown,natural dark brown,medium,#d9a991,#b98867,#c4a484,#8d6b55,#b07d62,#000000,#ffffff,#00ff00,#0000ff,#ff00ff
241,Bradley Cooper,"A Star Is Born, The Hangover",Hollywood Actors,https://upload.wikimedia.org/wikipedia/commons/thumb/4/41/Bradley_Cooper_Is_This_Thing_On-41_%28cropped%29.jpg/1280px-Bradley_Cooper_Is_This_Thing_On-41_%28cropped%29.jpg,soft autumn,warm,"deep blue with hints of gray, creating a soft yet striking appearance",natural dark brown,medium,#e8b4a8,#c89f94,#a67c52,#6a4e42,#d9a760,#000000,#ffffff,#00ff00,#ff00ff,#0000ff
242,"Camilla, Duchess of Cornwall",Duchess of Cornwall,Royal Family Members/Public Figures,https://upload.wikimedia.org/wikipedia/commons/thumb/c/c9/Queen_Camilla_in_Aotearoa_2019.jpg/1167px-Queen_Camilla_in_Aotearoa_2019.jpg,soft autumn,warm,blue with green flecks,blonde with soft golden highlights,low,#e8b4a8,#c89f94,#d1a785,#a67b5b,#996b3d,#000000,#ffffff,#00ff00,#ff00ff,#0000ff
243,Crown Prince Frederik of Denmark,Crown Prince of Denmark,Royal Family Members/Public Figures,https://upload.wikimedia.org/wikipedia/commons/thumb/5/5e/King_Frederik_X_in_2025.jpg/1153px-King_Frederik_X_in_2025.jpg,soft autumn,warm,deep brown,natural dark brown,medium,#d9b19c,#b0876f,#a67b5b,#6a4e42,#cab2a1,#000000,#ffffff,#00ff00,#0000ff,#ff00ff
244,Donna Karan,DKNY,Fashion Designers/Style Icons,https://upload.wikimedia.org/wikipedia/commons/thumb/4/41/Donna_Karan_2025.jpg/1280px-Donna_Karan_2025.jpg,soft autumn,warm,deep brown,natural dark brown,medium,#e8b4a8,#c89f94,#b08770,#9a7662,#836953,#000000,#ffffff,#00ff00,#ff00ff,#0000ff
245,Gary Cooper,Roles in Westerns and dramatic films,Historical/Classic Hollywood Icons,https://upload.wikimedia.org/wikipedia/commons/thumb/8/87/Gary_Cooper_%281952%29.jpg/1280px-Gary_Cooper_%281952%29.jpg,soft autumn,warm,deep brown,natural dark brown,medium,#d9a972,#b47b56,#cabba2,#987856,#c89f94,#000000,#ffffff,#00ff00,#ff00ff,#0000ff
246,Jisoo,BLACKPINK,K-pop/Asian Celebrities,https://upload.wikimedia.org/wikipedia/commons/thumb/f/fd/Jisoo_of_Blackpink_at_a_Dior_event%2C_April_18%2C_2025_%283%29.png/1280px-Jisoo_of_Blackpink_at_a_Dior_event%2C_April_18%2C_2025_%283%29.png,soft autumn,warm,deep brown with warm flecks,natural dark brown,medium,#e8b4a8,#c89f94,#b07d62,#a67b5b,#d9a973,#000000,#ffffff,#00ffff,#ff00ff,#800080
247,Lauren Bacall,Distinctive voice and roles in film noir,Historical/Classic Hollywood Icons,https://upload.wikimedia.org/wikipedia/commons/7/76/Lauren_Bacall_1945_press_photo.jpg,soft autumn,warm,deep blue with hints of green,natural dark blonde,medium,#d7b8ab,#bb9278,#a47c64,#6d4c41,#baa58c,#000000,#ffffff,#00ffff,#ff00ff,#800080
248,Na Yeon,TWICE,K-pop/Asian Celebrities,https://upload.wikimedia.org/wikipedia/commons/7/72/Nayeon_251120_1.jpg,soft autumn,warm,deep brown,natural dark brown,medium,#e8b4a8,#c89f94,#d1a785,#b08763,#a67b5b,#000000,#ffffff,#00ff00,#ff00ff,#0000ff
249,Princess Anne,Princess Royal,Royal Family Members/Public Figures,https://upload.wikimedia.org/wikipedia/commons/thumb/c/c5/Princess_Anne_September_2025.jpg/1280px-Princess_Anne_September_2025.jpg,soft autumn,warm,deep brown with warm flecks,natural dark brown,medium,#e8b4a8,#c89f94,#9e7a6b,#8a6e5c,#d9a875,#000000,#ffffff,#00ff00,#0000ff,#ff00ff
250,RM (Kim Nam-joon),Leader of BTS,K-pop/Asian Celebrities,https://upload.wikimedia.org/wikipedia/commons/thumb/5/56/RM_at_W_Korea_Love_Your_W%2C_November_2023.jpg/1280px-RM_at_W_Korea_Love_Your_W%2C_November_2023.jpg,soft autumn,warm,deep brown,natural dark brown,medium,#d4a373,#c4875a,#bc8a76,#d9b7a3,#aa8071,#000000,#ffffff,#00ffff,#ff00ff,#800080
251,Ronda Rousey,Mixed Martial Arts & WWE,Athletes/Sports Figures,https://upload.wikimedia.org/wikipedia/commons/thumb/2/25/Rousey_HOF_2018_%28cropped%29.jpg/1133px-Rousey_HOF_2018_%28cropped%29.jpg,soft autumn,warm,hazel with golden flecks,natural dark blonde,medium,#dab6a0,#bfa387,#a78666,#6e4c3b,#cab2ab,#000000,#ffffff,#00ffff,#ff00ff,#800080
252,Rosé (Park Chae-young),Member of BLACKPINK,K-pop/Asian Celebrities,https://upload.wikimedia.org/wikipedia/commons/b/b3/Blackpink_Ros%C3%A9_Rimowa_1.jpg,soft autumn,warm,deep brown,natural dark brown,medium,#e8b4a8,#c89f94,#d9a875,#b7a597,#a67c52,#000000,#ffffff,#00ff00,#ff00ff,#0000ff
253,Selena Gomez,"Pop music, actress",Musicians/Singers,https://upload.wikimedia.org/wikipedia/commons/thumb/8/81/Selena_Gomez_at_the_2024_Toronto_International_Film_Festival_10_%28cropped%29.jpg/1280px-Selena_Gomez_at_the_2024_Toronto_International_Film_Festival_10_%28cropped%29.jpg,soft autumn,warm,deep brown,natural dark brown,medium,#e8b4a8,#c89f94,#d1a785,#b0876f,#a67b5b,#000000,#ffffff,#ff00ff,#00ffff,#880000
254,Shayla Mitchell,Beauty influencer and makeup artist,Social Media Influencers/Content Creators,,soft autumn,warm,deep brown,natural dark brown,medium,#e8b4a8,#c89f94,#a67c52,#d9a875,#b0885a,#000000,#ffffff,#00ffff,#ff00ff,#800080
255,Taeyang (Dong Young-bae),Member of BIGBANG,K-pop/Asian Celebrities,https://upload.wikimedia.org/wikipedia/commons/5/50/Taeyang_-_MADE_THE_MOVIE_Premiere_%28cropped%29.jpg,soft autumn,warm,deep brown,natural dark brown,medium,#dab6a0,#bb9f8e,#a07d68,#6a4e42,#cab2ab,#000000,#ffffff,#00ff00,#ff00ff,#0000ff
256,Taeyeon,Girls' Generation,K-pop/Asian Celebrities,https://upload.wikimedia.org/wikipedia/commons/thumb/8/80/250307_Taeyeon_%40_-The_Tense-_in_Seoul_Day_1_%2854371295597%29_%28cropped%29.jpg/1280px-250307_Taeyeon_%40_-The_Tense-_in_Seoul_Day_1_%2854371295597%29_%28cropped%29.jpg,soft autumn,warm,deep brown,natural dark brown,medium,#e8b4a8,#c89f94,#a67c52,#d9a875,#b7a69e,#000000,#ffffff,#00ff00,#ff00ff,#0000ff
257,Tom Brady,American Football,Athletes/Sports Figures,https://upload.wikimedia.org/wikipedia/commons/thumb/7/73/25th_Laureus_World_Sports_Awards_-_Red_Carpet_-_Tom_Brady_-_240422_191334_%28cropped%29_%28cropped%29.jpg/1067px-25th_Laureus_World_Sports_Awards_-_Red_Carpet_-_Tom_Brady_-_240422_191334_%28cropped%29_%28cropped%29.jpg,soft autumn,warm,deep brown,natural dark brown,medium,#e8b4a8,#c89f94,#ad8c7c,#967c6e,#856b5a,#000000,#ffffff,#00ff00,#0000ff,#ff00ff
258,Alessandro Michele,Gucci's creative director,Fashion Designers/Style Icons,,soft summer,cool,hazel with flecks of green and brown,dark brown with soft ash undertones,low,#b1a8a6,#9e8e8a,#867d7a,#d6c4be,#a5978e,#ff0000,#00ff00,#0000ff,#ffff00,#ff00ff
259,Gemma Chan,"Crazy Rich Asians, Eternals",Hollywood Actresses,https://upload.wikimedia.org/wikipedia/commons/thumb/f/f7/Gemma_Chan_at_82nd_Venice_International_Film_Festival-1_%28cropped%29.jpg/1280px-Gemma_Chan_at_82nd_Venice_International_Film_Festival-1_%28cropped%29.jpg,soft summer,cool,deep brown with subtle grey flecks,natural dark brown,medium,#baa6a5,#a2a2b9,#6d778d,#99a3a6,#d1c4c9,#ff0000,#00ff00,#0000ff,#ffff00,#ff00ff
260,Giorgio Armani,Armani,Fashion Designers/Style Icons,https://upload.wikimedia.org/wikipedia/commons/thumb/0/06/Giorgio_Armani_1997.jpg/1280px-Giorgio_Armani_1997.jpg,soft summer,cool,light hazel with flecks of green,salt and pepper,low,#b5afaf,#9d9b9e,#a5b1b8,#859ba1,#c9c3d0,#000000,#ffffff,#ff6347,#ffd700,#00ff00
261,Graham Norton,The Graham Norton Show,TV Personalities/Talk Show Hosts,https://upload.wikimedia.org/wikipedia/commons/thumb/3/32/GrahamNorton-byPhilipRomano.jpg/1200px-GrahamNorton-byPhilipRomano.jpg,soft summer,cool,light blue with gray tones,salt and pepper,low,#b1a8a6,#99a3a4,#6d7376,#9c9e9f,#d5c4b3,#000000,#ffffff,#ff6347,#00ff00,#ffd700
262,Johnny Depp,Pirates of the Caribbean,Hollywood Actors,https://upload.wikimedia.org/wikipedia/commons/2/21/Johnny_Depp_2020.jpg,soft summer,cool,deep brown with hints of hazel,natural dark brown,medium,#b5a9a1,#9c8c87,#6d7b8d,#7f8c96,#c5b9b6,#000000,#ffffff,#ff6347,#ffd700,#00ff00
263,KathleenLights,"Beauty YouTuber, created nail polish line",Social Media Influencers/Content Creators,,soft summer,neutral,hazel with flecks of green and brown,light brown with subtle highlights,low,#b6a8a9,#a8b6ab,#99a3a4,#c9c1ba,#afaf97,#000000,#ffffff,#ff6347,#00ff00,#8b0000
264,Miyawaki Sakura,Member of IZ*ONE,K-pop/Asian Celebrities,https://upload.wikimedia.org/wikipedia/commons/thumb/1/10/20241018_Le_Sserafim%27s_Sakura_Miyawaki_04.jpg/1236px-20241018_Le_Sserafim%27s_Sakura_Miyawaki_04.jpg,soft summer,cool,light brown with hints of gray,natural dark brown,low,#b0a8b9,#9e8f99,#c5b4be,#85a3b2,#769fa7,#000000,#ffd700,#00ff00,#ff6347,#ff00ff
265,Post Malone,"Hip-hop, R&B, and rock music",Musicians/Singers,https://upload.wikimedia.org/wikipedia/commons/thumb/a/a9/Post_Malone_July_2021_%28cropped%29.jpg/1280px-Post_Malone_July_2021_%28cropped%29.jpg,soft summer,cool,hazel with flecks of green and brown,light brown with natural highlights,low,#b6a8a9,#a0938e,#9e9e8d,#c5b9b6,#d1c4c9,#000000,#ffffff,#ff6347,#ffd700,#00ff00
266,Princess Sofia of Sweden,Princess of Sweden,Royal Family Members/Public Figures,https://upload.wikimedia.org/wikipedia/commons/8/87/Princess_Sofia_June_2015.jpg,soft summer,cool,deep brown with hints of lighter brown near the iris,natural dark brown,medium,#b8a9c9,#99b4be,#677d8e,#a5acc0,#7d889b,#00ff00,#ff6347,#0000ff,#ffff00,#ff69b4
267,Suga,BTS,K-pop/Asian Celebrities,https://upload.wikimedia.org/wikipedia/commons/4/45/Suga_for_Marie_Claire_Korea%2C_May_2023_issue_05_%28cropped%29.png,soft summer,cool,light brown,natural dark brown,low,#b6a8a9,#a8b1b8,#99a3a4,#d1c4b6,#b7c0c7,#000000,#ffffff,#ff6347,#00ff00,#ffd700
268,Taemin,SHINee,K-pop/Asian Celebrities,https://upload.wikimedia.org/wikipedia/commons/1/13/240919_SHINEE_Taemin.jpg,soft summer,cool,deep brown,natural dark brown,low,#b6a8a9,#a5978e,#9c9ea5,#899da6,#788fa9,#000000,#ffffff,#ff6347,#00ff00,#ffd700
269,Aaliyah Jay,Beauty tutorials and vlogs,Social Media Influencers/Content Creators,,warm autumn,warm,deep brown,natural dark brown,medium,#e8b4a8,#c89f94,#daa06d,#b76e79,#a6582d,#000000,#ffffff,#00ffff,#ff00ff,#800080
270,Bad Bunny,Latin trap and reggaeton music,Musicians/Singers,https://upload.wikimedia.org/wikipedia/commons/thumb/b/b1/Bad_Bunny_2019_by_Glenn_Francis_%28cropped%29.jpg/1280px-Bad_Bunny_2019_by_Glenn_Francis_%28cropped%29.jpg,warm autumn,warm,deep brown,natural dark brown,medium,#e8b4a8,#c89f94,#d9ab6c,#b97a57,#a56b45,#000000,#ffffff,#89cff0,#009b77,#772d76
271,Beyoncé,"Music, Dreamgirls",Hollywood Actresses,https://upload.wikimedia.org/wikipedia/commons/b/b7/Beyonc%C3%A9_-_Tottenham_Hotspur_Stadium_-_1st_June_2023_%2810_of_118%29_%2852946364598%29_%28best_crop%29.jpg,warm autumn,warm,deep brown,natural dark brown,medium,#e8b4a8,#c89f94,#b07d62,#9e6a53,#8a553a,#000000,#ffffff,#00ffff,#ff00ff,#800080
272,Brad Pitt,"Fight Club, Once Upon a Time in Hollywood",Hollywood Actors,https://upload.wikimedia.org/wikipedia/commons/thumb/9/90/Brad_Pitt-69858.jpg/1280px-Brad_Pitt-69858.jpg,warm autumn,warm,blue with hints of green,dirty blonde,medium,#c69c6d,#cc7722,#99582a,#ffdb58,#daa520,#0000ff,#800080,#ff00ff,#00ffff,#000000
273,Bruno Mars,"Pop, funk, and R&B music",Musicians/Singers,https://upload.wikimedia.org/wikipedia/commons/thumb/b/b0/BrunoMars24KMagicWorldTourLive_%28cropped%29.jpg/1100px-BrunoMars24KMagicWorldTourLive_%28cropped%29.jpg,warm autumn,warm,deep brown,natural dark brown,medium,#d08a56,#cc7722,#ffcc99,#c04000,#996515,#0000ff,#000000,#ffffff,#c0c0c0,#800080
274,Chris Brown,R&B and hip-hop music,Musicians/Singers,https://upload.wikimedia.org/wikipedia/commons/f/fc/Chris_Brown_got_INFLUENCE.jpg,warm autumn,warm,deep brown,natural dark brown,medium,#daa520,#cd853f,#8b4513,#2e8b57,#556b2f,#000000,#ffffff,#ff69b4,#0000ff,#4b0082
275,Chrissy Teigen,"Modeling, television hosting, and cookbooks",Models/Supermodels,https://upload.wikimedia.org/wikipedia/commons/f/fd/Chrissy_Teigen_2019.png,warm autumn,warm,deep brown,natural dark brown,medium,#e8b4a8,#c89f94,#b87333,#cc7722,#ffcba4,#000000,#ffffff,#00ffff,#0000ff,#ff00ff
276,Dulce Candy,Beauty and fashion vlogger,Social Media Influencers/Content Creators,,warm autumn,warm,deep brown,natural dark brown,medium,#e8b4a8,#c89f94,#b87333,#cc7722,#ff8c69,#000000,#ffffff,#00ffff,#0000ff,#800080
277,Ed Sheeran,Pop and folk music,Musicians/Singers,https://upload.wikimedia.org/wikipedia/commons/thumb/c/c1/Ed_Sheeran-6886_%28cropped%29.jpg/1280px-Ed_Sheeran-6886_%28cropped%29.jpg,warm autumn,warm,blue-green with flecks of gold,natural ginger,low,#e8b4a8,#c89f94,#af8066,#996633,#cc7722,#000000,#ffffff,#00ffff,#0000ff,#800080
278,Emma Stone,"La La Land, Spider-Man movies",Hollywood Actresses,https://upload.wikimedia.org/wikipedia/commons/thumb/9/9b/Emma_Stone_at_the_2025_Cannes_Film_Festival_03_%28cropped%29.jpg/1280px-Emma_Stone_at_the_2025_Cannes_Film_Festival_03_%28cropped%29.jpg,warm autumn,warm,green with flecks of gold,"natural blonde, often dyed auburn",medium,#daa520,#cd853f,#8b4513,#ffdead,#f4a460,#0000ff,#00ffff,#000080,#800080,#ff00ff
279,Huda Kattan,"Beauty blogger, makeup artist",Social Media Influencers/Content Creators,https://upload.wikimedia.org/wikipedia/commons/thumb/2/2c/HudaKattan.jpg/1280px-HudaKattan.jpg,warm autumn,warm,deep brown,natural dark brown,medium,#daa520,#cd853f,#8b4513,#ffdead,#f4a460,#000000,#ffffff,#c0c0c0,#808080,#ffc0cb
280,Imaan Hammam,"Advocacy for diversity in fashion, high-fashion campaigns",Models/Supermodels,https://upload.wikimedia.org/wikipedia/commons/3/30/Imaan_Hammam_on_Carolina_Herrera_FW15_%28cropped%29.jpg,warm autumn,warm,deep brown,natural dark brown,medium,#e8b4a8,#c89f94,#a67c52,#d9a875,#b76e79,#000000,#ffffff,#a8a8a8,#8f8f8f,#727272
281,John Legend,R&B and soul music,Musicians/Singers,https://upload.wikimedia.org/wikipedia/commons/3/35/John_Legend_May_2022.jpg,warm autumn,warm,deep brown,natural dark brown,medium,#daa520,#cd853f,#8b4513,#6b8e23,#808000,#000000,#ffffff,#c0c0c0,#800080,#ff00ff
282,Jonathan Ross,The Jonathan Ross Show,TV Personalities/Talk Show Hosts,https://upload.wikimedia.org/wikipedia/commons/thumb/4/4a/Jonathan_Ross_by_Gage_Skidmore_2.jpg/1280px-Jonathan_Ross_by_Gage_Skidmore_2.jpg,warm autumn,warm,deep brown,natural dark brown,medium,#e8b4a8,#c89f94,#8e6a55,#d9a973,#b37557,#000000,#ffffff,#1059a8,#9b30ff,#ff1cae
283,Joy,Red Velvet,K-pop/Asian Celebrities,https://upload.wikimedia.org/wikipedia/commons/thumb/1/12/A_Smiling_boy_from_Bangladesh.jpg/1280px-A_Smiling_boy_from_Bangladesh.jpg,warm autumn,warm,deep brown,natural dark brown,medium,#d08a56,#b56414,#c97d60,#d69a6d,#ae7754,#000000,#ffffff,#9b9bff,#00ffff,#ff00ff
284,Joy (Park Soo-young),Member of Red Velvet,K-pop/Asian Celebrities,https://upload.wikimedia.org/wikipedia/commons/4/45/240719_Red_Velvet_Joy.jpg,warm autumn,warm,deep brown,natural dark brown,medium,#daa06d,#c69c6d,#a56b45,#d99058,#aa6e3e,#000000,#ffffff,#89cff0,#c0c0c0,#8a2be2
285,Joy Behar,"The View, comedian",TV Personalities/Talk Show Hosts,https://upload.wikimedia.org/wikipedia/commons/5/51/Joybeharpic_%28cropped%29.jpg,warm autumn,warm,deep brown,natural dark brown,medium,#daa06d,#cc7722,#8b4513,#80461b,#ffdab9,#000000,#ffffff,#00ffff,#0000ff,#ff00ff
286,Kai,EXO,K-pop/Asian Celebrities,,warm autumn,warm,deep brown,natural dark brown,medium,#e8b4a8,#c89f94,#b07d62,#9e6a53,#d9a76e,#000000,#ffffff,#00ffff,#0000ff,#800080
287,Kai (Kim Jong-in),Member of EXO,K-pop/Asian Celebrities,,warm autumn,warm,deep brown,natural dark brown,medium,#e8b4a8,#c89f94,#a67c52,#da9551,#6e4c3b,#000000,#ffffff,#7f00ff,#ff1cae,#00ffff
288,Kang Daniel,"Solo artist, former Wanna One member",K-pop/Asian Celebrities,https://upload.wikimedia.org/wikipedia/commons/thumb/5/5d/Kang_Daniel_at_Music_Bank_-_2024-09-26.png/1280px-Kang_Daniel_at_Music_Bank_-_2024-09-26.png,warm autumn,warm,deep brown,natural dark brown,medium,#e8b4a8,#c89f94,#b76a5d,#d9a875,#bb7e5d,#000000,#ffffff,#89cff0,#4682b4,#0f52ba
289,King Charles III,King of the United Kingdom,Royal Family Members/Public Figures,https://upload.wikimedia.org/wikipedia/commons/a/ac/King_Charles_III_%28July_2023%29.jpg,warm autumn,warm,deep blue with green undertones,"salt and pepper, originally dark brown",medium,#daa520,#cd853f,#8b4513,#a0522d,#deb887,#000000,#ffffff,#00ffff,#0000ff,#ff00ff
290,Liu Wen,"High-fashion campaigns, Victoria's Secret runway shows",Models/Supermodels,https://upload.wikimedia.org/wikipedia/commons/thumb/9/9a/Liu_Wen_Milan_Fashion_Week_Autumn_Winter_2019.jpg/1280px-Liu_Wen_Milan_Fashion_Week_Autumn_Winter_2019.jpg,warm autumn,warm,deep brown,natural dark brown,medium,#d08c60,#b76e79,#6a4e42,#c8b273,#996639,#000000,#ffffff,#00ffff,#0000ff,#ff00ff
291,Lizzo,"Pop, hip-hop, and R&B music",Musicians/Singers,https://upload.wikimedia.org/wikipedia/commons/1/16/Lizzo_September_2025.png,warm autumn,warm,deep brown,natural dark brown,medium,#e8b4a8,#c89f94,#daa06d,#aa8053,#8f5e3b,#000000,#ffffff,#00ffff,#0000ff,#ff00ff
292,Natalie Wood,Roles in 'West Side Story' and other classic films,Historical/Classic Hollywood Icons,https://upload.wikimedia.org/wikipedia/commons/thumb/d/d4/Natalie_Wood_Allan_Warren.jpg/1280px-Natalie_Wood_Allan_Warren.jpg,warm autumn,warm,deep brown,natural dark brown,medium,#e8b4a8,#c89f94,#d9a875,#b87333,#c19a6b,#000000,#ffffff,#89cff0,#ffd1dc,#c0c0c0
293,Princess Beatrice of York,British Royal Family member,Royal Family Members/Public Figures,https://upload.wikimedia.org/wikipedia/commons/thumb/e/ea/Web_Summit_2018_-_Forum_-_Day_2%2C_November_7_DSC_4716_%2845765938231%29_%28cropped%29.jpg/1280px-Web_Summit_2018_-_Forum_-_Day_2%2C_November_7_DSC_4716_%2845765938231%29_%28cropped%29.jpg,warm autumn,warm,hazel with golden flecks,natural auburn,medium,#d08a54,#b76e79,#6a4e42,#c4a484,#9e6a5d,#000000,#ffffff,#89cff0,#ffd1dc,#880d1e
294,Priyanka Chopra,"Quantico, Baywatch",Hollywood Actresses,https://upload.wikimedia.org/wikipedia/commons/4/45/Priyanka_Chopra_at_Bulgary_launch%2C_2024_%28cropped%29.jpg,warm autumn,warm,deep brown,natural dark brown,medium,#e8b4a8,#c89f94,#a67c52,#d9a566,#b76e79,#000000,#ffffff,#89cff0,#4682b4,#d3d3d3
295,Ralph Lauren,Fashion design,Fashion Designers/Style Icons,https://upload.wikimedia.org/wikipedia/commons/d/da/Ralph_Lauren_2013.jpg,warm autumn,warm,deep brown,natural dark brown,medium,#d08a56,#b87333,#c4a484,#a67b5b,#6e4c32,#0000ff,#000080,#ffc0cb,#ff69b4,#00ffff
296,Rita Hayworth,1940s and 1950s cinema icon,Historical/Classic Hollywood Icons,https://upload.wikimedia.org/wikipedia/commons/thumb/f/f1/Rita_Hayworth_1940s.jpg/1255px-Rita_Hayworth_1940s.jpg,warm autumn,warm,deep brown,natural dark brown,medium,#e8b4a8,#c89f94,#daa520,#8b4513,#a0522d,#000000,#ffffff,#c0c0c0,#808080,#800080
297,Robert Downey Jr.,Iron Man in Marvel movies,Hollywood Actors,https://upload.wikimedia.org/wikipedia/commons/thumb/2/23/Robert_Downey_Jr._2014_Comic-Con.jpg/1280px-Robert_Downey_Jr._2014_Comic-Con.jpg,warm autumn,warm,deep brown,natural dark brown,medium,#b87333,#cc7722,#80461b,#8a3324,#7b3f00,#000000,#ffffff,#00ffff,#0000ff,#ff00ff
298,Russell Westbrook,Basketball,Athletes/Sports Figures,https://upload.wikimedia.org/wikipedia/commons/thumb/b/be/Russell_Westbrook_%28March_21%2C_2022%29_%28cropped%29.jpg/1280px-Russell_Westbrook_%28March_21%2C_2022%29_%28cropped%29.jpg,warm autumn,warm,deep brown,natural dark brown,medium,#b87333,#cc7722,#ffa07a,#d2b48c,#8b4513,#000000,#ffffff,#00ffff,#0000ff,#ff00ff
299,Serena Williams,Tennis,Athletes/Sports Figures,https://upload.wikimedia.org/wikipedia/commons/thumb/d/d3/Serena_Williams_at_the_2025_International_Tennis_Hall_of_Fame_Induction_Ceremony_Press_Conference_%28cropped%29.jpg/1280px-Serena_Williams_at_the_2025_International_Tennis_Hall_of_Fame_Induction_Ceremony_Press_Conference_%28cropped%29.jpg,warm autumn,warm,deep brown,natural dark brown,medium,#e8b4a8,#c89f94,#d9a25f,#a56b46,#6a4e42,#000000,#ffffff,#99b3ff,#a8d8ea,#8c62a2
300,Sophia Loren,Italian actress known for her beauty and acting skill,Historical/Classic Hollywood Icons,https://upload.wikimedia.org/wikipedia/commons/0/0a/Gala_de_%C3%8Enchidere_TIFF_2016_%2827490660976%29_%28cropped%29.jpg,warm autumn,warm,deep brown with warm flecks,natural dark brown,medium,#e8b4a8,#c89f94,#b07d62,#d9a56c,#aa753f,#000000,#ffffff,#89cff0,#c0d8e4,#8a2be2
301,Trevor Noah,The Daily Show,TV Personalities/Talk Show Hosts,https://upload.wikimedia.org/wikipedia/commons/thumb/2/28/Trevor_Noah_%2853554114243%29_%28portrait_crop%29.jpg/1280px-Trevor_Noah_%2853554114243%29_%28portrait_crop%29.jpg,warm autumn,warm,deep brown,natural dark brown,medium,#d08c45,#bb6d3e,#a15630,#6a4e42,#c8b496,#0000ff,#009688,#00bcd4,#795548,#9e9e9e
302,V (Kim Tae-hyung),BTS,K-pop/Asian Celebrities,https://upload.wikimedia.org/wikipedia/commons/d/d4/BTS%27s_V_20251004_04.jpg,warm autumn,warm,deep brown,natural dark brown,medium,#e8b4a8,#c89f94,#d9a066,#b07d62,#aa6e3e,#000000,#ffffff,#00ffff,#ff00ff,#800080
303,Venus Williams,Tennis,Athletes/Sports Figures,https://upload.wikimedia.org/wikipedia/commons/thumb/d/d2/Venus_Williams_%282025_DC_Open%29_032_%28cropped%29.jpg/1280px-Venus_Williams_%282025_DC_Open%29_032_%28cropped%29.jpg,warm autumn,warm,deep brown,natural dark brown,medium,#e8b4a8,#c89f94,#b07d62,#d9a875,#aa6e3e,#000000,#ffffff,#89cff0,#007fff,#ff007f
304,Baekhyun (Byun Baek-hyun),Member of EXO,K-pop/Asian Celebrities,https://upload.wikimedia.org/wikipedia/commons/0/02/%ED%95%98%EC%96%80%EB%A8%B8%EB%A6%AC_%EB%B0%B1%ED%98%84_3.jpg,warm spring,warm,deep brown,natural dark brown,medium,#e8b4a8,#c89f94,#f4c2c2,#ffd1aa,#f4a460,#000000,#ffffff,#5f9ea0,#4682b4,#000080
305,Blake Lively,"Gossip Girl, The Age of Adaline",Hollywood Actresses,https://upload.wikimedia.org/wikipedia/commons/5/59/Blake_Lively_2018_%28cropped_2%29.jpg,warm spring,warm,"blue with flecks of warmer tones near the iris, creating depth",golden blonde,medium,#f4c2a5,#daa06d,#fadfa5,#c4967a,#fac898,#223843,#5a3e36,#0e0e52,#34232a,#6a737d
306,Bretman Rock,"Beauty influencer, social media personality",Social Media Influencers/Content Creators,https://upload.wikimedia.org/wikipedia/commons/d/d0/Bretman_Rock_2019.jpg,warm spring,warm,deep brown,natural dark brown,medium,#e8b4a8,#c89f94,#f4c2a0,#daa06d,#ffd59a,#000000,#ffffff,#1c1c1c,#a8a8a8,#8b0000
307,Camila Coelho,Fashion and beauty blogger,Social Media Influencers/Content Creators,https://upload.wikimedia.org/wikipedia/commons/thumb/9/90/Camila_Coelho_2015_%28cropped%29.jpg/1280px-Camila_Coelho_2015_%28cropped%29.jpg,warm spring,warm,deep brown,natural dark brown,medium,#e8b4a8,#c89f94,#f4c2a0,#dda15e,#b76e79,#000000,#ffffff,#a0a0a0,#6d6d6d,#284162
308,Chris Hemsworth,Thor in Marvel movies,Hollywood Actors,https://upload.wikimedia.org/wikipedia/commons/thumb/6/69/Chris_Hemsworth_by_Gage_Skidmore_3.jpg/1280px-Chris_Hemsworth_by_Gage_Skidmore_3.jpg,warm spring,warm,blue with green flecks,natural dark blonde,medium,#e8b4a8,#c89f94,#f4cbb2,#dea677,#ffd700,#000000,#ffffff,#2f4f4f,#708090,#4682b4
309,David Letterman,Late Show with David Letterman,TV Personalities/Talk Show Hosts,https://upload.wikimedia.org/wikipedia/commons/b/b7/David_Letterman_with_his_Individual_Peabody_at_the_75th_Annual_Peabody_Awards_%28cropped%29.jpg,warm spring,warm,hazel with green and brown nuances,"salt and pepper, originally dark brown",medium,#e8b4a8,#c89f94,#daa520,#ffd700,#ffa07a,#000000,#ffffff,#a9a9a9,#808080,#2f4f4f
310,Diane von Fürstenberg,"Wrap dress, fashion design",Fashion Designers/Style Icons,https://upload.wikimedia.org/wikipedia/commons/thumb/4/43/Diane_von_Furstenberg_2012_Shankbone.JPG/1280px-Diane_von_Furstenberg_2012_Shankbone.JPG,warm spring,warm,deep brown,natural dark brown,medium,#e8b4a8,#c89f94,#f4c2a0,#daaa56,#a98307,#000000,#ffffff,#7f7f7f,#4682b4,#000080
311,Elie Saab,Haute couture,Fashion Designers/Style Icons,https://upload.wikimedia.org/wikipedia/commons/b/b4/Elie_Saab_at_his_Spring_2012_Fashion_Show.jpg,warm spring,warm,deep brown,natural dark brown,medium,#e8b4a8,#c89f94,#f4c2a0,#dda25f,#b88853,#000000,#ffffff,#1a1a1a,#cccccc,#888888
312,Gigi Hadid,"High-fashion runway shows, magazine covers",Models/Supermodels,https://upload.wikimedia.org/wikipedia/commons/e/e0/Marina_Ruy_Barbosa_com_Gigi_Hadid_em_Paris_%28Gigi_Hadid%29.jpg,warm spring,warm,light blue with golden flecks,natural dark blonde,medium,#e8b4a8,#daa06d,#f4cba1,#ffd700,#ffa07a,#000000,#ffffff,#7f7f7f,#2f4f4f,#000080
313,Gisele Bündchen,"Iconic supermodel career, environmental activism",Models/Supermodels,https://upload.wikimedia.org/wikipedia/commons/thumb/d/de/Ver%C3%A3o_Arezzo_Brasil_2019_por_Gisele_B%C3%BCndchen_08.jpg/1280px-Ver%C3%A3o_Arezzo_Brasil_2019_por_Gisele_B%C3%BCndchen_08.jpg,warm spring,warm,blue with green flecks,natural dark blonde,medium,#e8b4a8,#c89f94,#d9a25f,#ffd700,#ffb347,#000000,#ffffff,#7fffd4,#00008b,#8a2be2
314,Hoda Kotb,"The Today Show, journalist",TV Personalities/Talk Show Hosts,https://upload.wikimedia.org/wikipedia/commons/7/71/Hoda_Kotb_2022_%28cropped%29.jpg,warm spring,warm,deep brown,natural dark brown,medium,#e8b4a8,#c89f94,#f4c2a0,#daa520,#ffd700,#000000,#ffffff,#a9a9a9,#2f4f4f,#556b2f
315,IU,Solo artist,K-pop/Asian Celebrities,,warm spring,warm,deep brown,natural dark brown,medium,#e8b4a8,#c89f94,#f4c2a0,#daa06d,#ffd59a,#000000,#ffffff,#1c1c1c,#233067,#7f7f7f
316,Jay Park,Solo artist,K-pop/Asian Celebrities,https://upload.wikimedia.org/wikipedia/commons/a/a6/Jay_Park_in_September_2024.jpg,warm spring,warm,deep brown,natural dark brown,medium,#e8b4a8,#c89f94,#d9a972,#ffd966,#b0885a,#000000,#ffffff,#1a1a1a,#cccccc,#808080
317,Lauren Curtis,Beauty and makeup guru on YouTube,Social Media Influencers/Content Creators,,warm spring,warm,light green with golden flecks,natural dark blonde,medium,#e8b4a8,#ffd700,#f4c430,#ff8c69,#fa8072,#000000,#ffffff,#2f4f4f,#556b2f,#800000
318,Michael Kors,Fashion design,Fashion Designers/Style Icons,https://upload.wikimedia.org/wikipedia/commons/b/b6/Michael_Kors%2C_Photographed_by_Ed_Kavishe_for_Fashion_Wire_Press.jpg,warm spring,warm,deep brown,natural dark brown,medium,#e8b4a8,#c89f94,#f4c95d,#d9a641,#b97b56,#000000,#ffffff,#105878,#283593,#4a148c
319,Queen Maxima of the Netherlands,Queen of the Netherlands,Royal Family Members/Public Figures,https://upload.wikimedia.org/wikipedia/commons/thumb/f/f4/Koningin-maxima-okt-15-s.jpg/1280px-Koningin-maxima-okt-15-s.jpg,warm spring,warm,light brown with golden specks,natural dark blonde,medium,#e8b4a8,#daa520,#ffd700,#ff8c00,#ff6347,#000000,#ffffff,#7fffd4,#00ffff,#0000ff
